CREATE TABLE Region(
	codigo_region INT,
	nombre VARCHAR(30),
	CONSTRAINT pk_region PRIMARY KEY (codigo_region)
);

INSERT INTO Region(codigo_region, nombre) VALUES (1,'Arica-Parinacota');
INSERT INTO Region(codigo_region, nombre) VALUES (2,'Tarapaca');
INSERT INTO Region(codigo_region, nombre) VALUES (3,'Antofagasta');
INSERT INTO Region(codigo_region, nombre) VALUES (4,'Atacama');
INSERT INTO Region(codigo_region, nombre) VALUES (5,'Coquimbo');
INSERT INTO Region(codigo_region, nombre) VALUES (6,'Valparaiso');
INSERT INTO Region(codigo_region, nombre) VALUES (7,'Metropolitana');
INSERT INTO Region(codigo_region, nombre) VALUES (8,'O Higgins');
INSERT INTO Region(codigo_region, nombre) VALUES (9,'Maule');
INSERT INTO Region(codigo_region, nombre) VALUES (10,'Nuble');
INSERT INTO Region(codigo_region, nombre) VALUES (11,'Bio Bio');
INSERT INTO Region(codigo_region, nombre) VALUES (12,'Araucania');
INSERT INTO Region(codigo_region, nombre) VALUES (13,'Los Rios');
INSERT INTO Region(codigo_region, nombre) VALUES (14,'Los Lagos');
INSERT INTO Region(codigo_region, nombre) VALUES (15,'Aysen');
INSERT INTO Region(codigo_region, nombre) VALUES (16,'Magallanes y Antartica Chilena');

CREATE TABLE Comuna(
	codigo_comuna INT,
	nombre VARCHAR(30),
	codigo_region INT,
	CONSTRAINT pk_comuna PRIMARY KEY (codigo_comuna),
	CONSTRAINT fk_comuna_region FOREIGN KEY (codigo_region) REFERENCES region(codigo_region)
);

INSERT INTO Comuna(codigo_comuna, nombre, codigo_region) VALUES(1, 'Arica', 1);
INSERT INTO Comuna(codigo_comuna, nombre, codigo_region) VALUES(2, 'Camarones', 1);
INSERT INTO Comuna(codigo_comuna, nombre, codigo_region) VALUES(3, 'Putre', 1);
INSERT INTO Comuna(codigo_comuna, nombre, codigo_region) VALUES(4, 'General Lagos', 1);
INSERT INTO Comuna(codigo_comuna, nombre, codigo_region) VALUES(5, 'Iquique', 2);
INSERT INTO Comuna(codigo_comuna, nombre, codigo_region) VALUES(6, 'Alto Hospicio', 2);
INSERT INTO Comuna(codigo_comuna, nombre, codigo_region) VALUES(7, 'Pozo Almonte', 2);
INSERT INTO Comuna(codigo_comuna, nombre, codigo_region) VALUES(8, 'Cami√±a', 2);
INSERT INTO Comuna(codigo_comuna, nombre, codigo_region) VALUES(9, 'Colchane', 2);
INSERT INTO Comuna(codigo_comuna, nombre, codigo_region) VALUES(10, 'Huara', 2);
INSERT INTO Comuna(codigo_comuna, nombre, codigo_region) VALUES(11, 'Pica', 2);
INSERT INTO Comuna(codigo_comuna, nombre, codigo_region) VALUES(12, 'Antofagasta', 3);
INSERT INTO Comuna(codigo_comuna, nombre, codigo_region) VALUES(13, 'Mejillones', 3);
INSERT INTO Comuna(codigo_comuna, nombre, codigo_region) VALUES(14, 'Sierra Gorda', 3);
INSERT INTO Comuna(codigo_comuna, nombre, codigo_region) VALUES(15, 'Taltal', 3);
INSERT INTO Comuna(codigo_comuna, nombre, codigo_region) VALUES(16, 'Calama', 3);
INSERT INTO Comuna(codigo_comuna, nombre, codigo_region) VALUES(17, 'Ollag√ºe', 3);
INSERT INTO Comuna(codigo_comuna, nombre, codigo_region) VALUES(18, 'San Pedro de Atacama', 3);
INSERT INTO Comuna(codigo_comuna, nombre, codigo_region) VALUES(19, 'Tocopilla', 3);
INSERT INTO Comuna(codigo_comuna, nombre, codigo_region) VALUES(20, 'Mar√≠a Elena', 3);
INSERT INTO Comuna(codigo_comuna, nombre, codigo_region) VALUES(21, 'Copiap√≥', 4);
INSERT INTO Comuna(codigo_comuna, nombre, codigo_region) VALUES(22, 'Caldera', 4);
INSERT INTO Comuna(codigo_comuna, nombre, codigo_region) VALUES(23, 'Tierra Amarilla', 4);
INSERT INTO Comuna(codigo_comuna, nombre, codigo_region) VALUES(24, 'Cha√±aral', 4);
INSERT INTO Comuna(codigo_comuna, nombre, codigo_region) VALUES(25, 'Diego de Almagro', 4);
INSERT INTO Comuna(codigo_comuna, nombre, codigo_region) VALUES(26, 'Vallenar', 4);
INSERT INTO Comuna(codigo_comuna, nombre, codigo_region) VALUES(27, 'Alto del Carmen', 4);
INSERT INTO Comuna(codigo_comuna, nombre, codigo_region) VALUES(28, 'Freirina', 4);
INSERT INTO Comuna(codigo_comuna, nombre, codigo_region) VALUES(29, 'Huasco', 4);
INSERT INTO Comuna(codigo_comuna, nombre, codigo_region) VALUES(30, 'La Serena', 5);
INSERT INTO Comuna(codigo_comuna, nombre, codigo_region) VALUES(31, 'Coquimbo', 5);
INSERT INTO Comuna(codigo_comuna, nombre, codigo_region) VALUES(32, 'Andacollo', 5);
INSERT INTO Comuna(codigo_comuna, nombre, codigo_region) VALUES(33, 'La Higuera', 5);
INSERT INTO Comuna(codigo_comuna, nombre, codigo_region) VALUES(34, 'Paiguano', 5);
INSERT INTO Comuna(codigo_comuna, nombre, codigo_region) VALUES(35, 'Vicu√±a', 5);
INSERT INTO Comuna(codigo_comuna, nombre, codigo_region) VALUES(36, 'Illapel', 5);
INSERT INTO Comuna(codigo_comuna, nombre, codigo_region) VALUES(37, 'Canela', 5);
INSERT INTO Comuna(codigo_comuna, nombre, codigo_region) VALUES(38, 'Los Vilos', 5);
INSERT INTO Comuna(codigo_comuna, nombre, codigo_region) VALUES(39, 'Salamanca', 5);
INSERT INTO Comuna(codigo_comuna, nombre, codigo_region) VALUES(40, 'Ovalle', 5);
INSERT INTO Comuna(codigo_comuna, nombre, codigo_region) VALUES(41, 'Combarbal√°', 5);
INSERT INTO Comuna(codigo_comuna, nombre, codigo_region) VALUES(42, 'Monte Patria', 5);
INSERT INTO Comuna(codigo_comuna, nombre, codigo_region) VALUES(43, 'Punitaqui', 5);
INSERT INTO Comuna(codigo_comuna, nombre, codigo_region) VALUES(44, 'R√≠o Hurtado', 5);
INSERT INTO Comuna(codigo_comuna, nombre, codigo_region) VALUES(45, 'Valpara√≠so', 6);
INSERT INTO Comuna(codigo_comuna, nombre, codigo_region) VALUES(46, 'Casablanca', 6);
INSERT INTO Comuna(codigo_comuna, nombre, codigo_region) VALUES(47, 'Conc√≥n', 6);
INSERT INTO Comuna(codigo_comuna, nombre, codigo_region) VALUES(48, 'Juan Fern√°ndez', 6);
INSERT INTO Comuna(codigo_comuna, nombre, codigo_region) VALUES(49, 'Puchuncav√≠', 6);
INSERT INTO Comuna(codigo_comuna, nombre, codigo_region) VALUES(50, 'Quintero', 6);
INSERT INTO Comuna(codigo_comuna, nombre, codigo_region) VALUES(51, 'Vi√±a del Mar', 6);
INSERT INTO Comuna(codigo_comuna, nombre, codigo_region) VALUES(52, 'Isla de Pascua', 6);
INSERT INTO Comuna(codigo_comuna, nombre, codigo_region) VALUES(53, 'Los Andes', 6);
INSERT INTO Comuna(codigo_comuna, nombre, codigo_region) VALUES(54, 'Calle Larga', 6);
INSERT INTO Comuna(codigo_comuna, nombre, codigo_region) VALUES(55, 'Rinconada', 6);
INSERT INTO Comuna(codigo_comuna, nombre, codigo_region) VALUES(56, 'San Esteban', 6);
INSERT INTO Comuna(codigo_comuna, nombre, codigo_region) VALUES(57, 'La Ligua', 6);
INSERT INTO Comuna(codigo_comuna, nombre, codigo_region) VALUES(58, 'Cabildo', 6);
INSERT INTO Comuna(codigo_comuna, nombre, codigo_region) VALUES(59, 'Papudo', 6);
INSERT INTO Comuna(codigo_comuna, nombre, codigo_region) VALUES(60, 'Petorca', 6);
INSERT INTO Comuna(codigo_comuna, nombre, codigo_region) VALUES(61, 'Zapallar', 6);
INSERT INTO Comuna(codigo_comuna, nombre, codigo_region) VALUES(62, 'Quillota', 6);
INSERT INTO Comuna(codigo_comuna, nombre, codigo_region) VALUES(63, 'Calera', 6);
INSERT INTO Comuna(codigo_comuna, nombre, codigo_region) VALUES(64, 'Hijuelas', 6);
INSERT INTO Comuna(codigo_comuna, nombre, codigo_region) VALUES(65, 'La Cruz', 6);
INSERT INTO Comuna(codigo_comuna, nombre, codigo_region) VALUES(66, 'Nogales', 6);
INSERT INTO Comuna(codigo_comuna, nombre, codigo_region) VALUES(67, 'San Antonio', 6);
INSERT INTO Comuna(codigo_comuna, nombre, codigo_region) VALUES(68, 'Algarrobo', 6);
INSERT INTO Comuna(codigo_comuna, nombre, codigo_region) VALUES(69, 'Cartagena', 6);
INSERT INTO Comuna(codigo_comuna, nombre, codigo_region) VALUES(70, 'El Quisco', 6);
INSERT INTO Comuna(codigo_comuna, nombre, codigo_region) VALUES(71, 'El Tabo', 6);
INSERT INTO Comuna(codigo_comuna, nombre, codigo_region) VALUES(72, 'Santo Domingo', 6);
INSERT INTO Comuna(codigo_comuna, nombre, codigo_region) VALUES(73, 'San Felipe', 6);
INSERT INTO Comuna(codigo_comuna, nombre, codigo_region) VALUES(74, 'Catemu', 6);
INSERT INTO Comuna(codigo_comuna, nombre, codigo_region) VALUES(75, 'Llaillay', 6);
INSERT INTO Comuna(codigo_comuna, nombre, codigo_region) VALUES(76, 'Panquehue', 6);
INSERT INTO Comuna(codigo_comuna, nombre, codigo_region) VALUES(77, 'Putaendo', 6);
INSERT INTO Comuna(codigo_comuna, nombre, codigo_region) VALUES(78, 'Santa Mar√≠a', 6);
INSERT INTO Comuna(codigo_comuna, nombre, codigo_region) VALUES(79, 'Quilpu√©', 6);
INSERT INTO Comuna(codigo_comuna, nombre, codigo_region) VALUES(80, 'Limache', 6);
INSERT INTO Comuna(codigo_comuna, nombre, codigo_region) VALUES(81, 'Olmu√©', 6);
INSERT INTO Comuna(codigo_comuna, nombre, codigo_region) VALUES(82, 'Villa Alemana', 6);
INSERT INTO Comuna(codigo_comuna, nombre, codigo_region) VALUES(83, 'Rancagua', 8);
INSERT INTO Comuna(codigo_comuna, nombre, codigo_region) VALUES(84, 'Codegua', 8);
INSERT INTO Comuna(codigo_comuna, nombre, codigo_region) VALUES(85, 'Coinco', 8);
INSERT INTO Comuna(codigo_comuna, nombre, codigo_region) VALUES(86, 'Coltauco', 8);
INSERT INTO Comuna(codigo_comuna, nombre, codigo_region) VALUES(87, 'Do√±ihue', 8);
INSERT INTO Comuna(codigo_comuna, nombre, codigo_region) VALUES(88, 'Graneros', 8);
INSERT INTO Comuna(codigo_comuna, nombre, codigo_region) VALUES(89, 'Las Cabras', 8);
INSERT INTO Comuna(codigo_comuna, nombre, codigo_region) VALUES(90, 'Machal√≠', 8);
INSERT INTO Comuna(codigo_comuna, nombre, codigo_region) VALUES(91, 'Malloa', 8);
INSERT INTO Comuna(codigo_comuna, nombre, codigo_region) VALUES(92, 'Mostazal', 8);
INSERT INTO Comuna(codigo_comuna, nombre, codigo_region) VALUES(93, 'Olivar', 8);
INSERT INTO Comuna(codigo_comuna, nombre, codigo_region) VALUES(94, 'Peumo', 8);
INSERT INTO Comuna(codigo_comuna, nombre, codigo_region) VALUES(95, 'Pichidegua', 8);
INSERT INTO Comuna(codigo_comuna, nombre, codigo_region) VALUES(96, 'Quinta de Tilcoco', 8);
INSERT INTO Comuna(codigo_comuna, nombre, codigo_region) VALUES(97, 'Rengo', 8);
INSERT INTO Comuna(codigo_comuna, nombre, codigo_region) VALUES(98, 'Requ√≠noa', 8);
INSERT INTO Comuna(codigo_comuna, nombre, codigo_region) VALUES(99, 'San Vicente', 8);
INSERT INTO Comuna(codigo_comuna, nombre, codigo_region) VALUES(100, 'Pichilemu', 8);
INSERT INTO Comuna(codigo_comuna, nombre, codigo_region) VALUES(101, 'La Estrella', 8);
INSERT INTO Comuna(codigo_comuna, nombre, codigo_region) VALUES(102, 'Litueche', 8);
INSERT INTO Comuna(codigo_comuna, nombre, codigo_region) VALUES(103, 'Marchihue', 8);
INSERT INTO Comuna(codigo_comuna, nombre, codigo_region) VALUES(104, 'Navidad', 8);
INSERT INTO Comuna(codigo_comuna, nombre, codigo_region) VALUES(105, 'Paredones', 8);
INSERT INTO Comuna(codigo_comuna, nombre, codigo_region) VALUES(106, 'San Fernando', 8);
INSERT INTO Comuna(codigo_comuna, nombre, codigo_region) VALUES(107, 'Ch√©pica', 8);
INSERT INTO Comuna(codigo_comuna, nombre, codigo_region) VALUES(108, 'Chimbarongo', 8);
INSERT INTO Comuna(codigo_comuna, nombre, codigo_region) VALUES(109, 'Lolol', 8);
INSERT INTO Comuna(codigo_comuna, nombre, codigo_region) VALUES(110, 'Nancagua', 8);
INSERT INTO Comuna(codigo_comuna, nombre, codigo_region) VALUES(111, 'Palmilla', 8);
INSERT INTO Comuna(codigo_comuna, nombre, codigo_region) VALUES(112, 'Peralillo', 8);
INSERT INTO Comuna(codigo_comuna, nombre, codigo_region) VALUES(113, 'Placilla', 8);
INSERT INTO Comuna(codigo_comuna, nombre, codigo_region) VALUES(114, 'Pumanque', 8);
INSERT INTO Comuna(codigo_comuna, nombre, codigo_region) VALUES(115, 'Santa Cruz', 8);
INSERT INTO Comuna(codigo_comuna, nombre, codigo_region) VALUES(116, 'Talca', 9);
INSERT INTO Comuna(codigo_comuna, nombre, codigo_region) VALUES(117, 'Constituci√≥n', 9);
INSERT INTO Comuna(codigo_comuna, nombre, codigo_region) VALUES(118, 'Curepto', 9);
INSERT INTO Comuna(codigo_comuna, nombre, codigo_region) VALUES(119, 'Empedrado', 9);
INSERT INTO Comuna(codigo_comuna, nombre, codigo_region) VALUES(120, 'Maule', 9);
INSERT INTO Comuna(codigo_comuna, nombre, codigo_region) VALUES(121, 'Pelarco', 9);
INSERT INTO Comuna(codigo_comuna, nombre, codigo_region) VALUES(122, 'Pencahue', 9);
INSERT INTO Comuna(codigo_comuna, nombre, codigo_region) VALUES(123, 'R√≠o Claro', 9);
INSERT INTO Comuna(codigo_comuna, nombre, codigo_region) VALUES(124, 'San Clemente', 9);
INSERT INTO Comuna(codigo_comuna, nombre, codigo_region) VALUES(125, 'San Rafael', 9);
INSERT INTO Comuna(codigo_comuna, nombre, codigo_region) VALUES(126, 'Cauquenes', 9);
INSERT INTO Comuna(codigo_comuna, nombre, codigo_region) VALUES(127, 'Chanco', 9);
INSERT INTO Comuna(codigo_comuna, nombre, codigo_region) VALUES(128, 'Pelluhue', 9);
INSERT INTO Comuna(codigo_comuna, nombre, codigo_region) VALUES(129, 'Curic√≥', 9);
INSERT INTO Comuna(codigo_comuna, nombre, codigo_region) VALUES(130, 'Huala√±√©', 9);
INSERT INTO Comuna(codigo_comuna, nombre, codigo_region) VALUES(131, 'Licant√©n', 9);
INSERT INTO Comuna(codigo_comuna, nombre, codigo_region) VALUES(132, 'Molina', 9);
INSERT INTO Comuna(codigo_comuna, nombre, codigo_region) VALUES(133, 'Rauco', 9);
INSERT INTO Comuna(codigo_comuna, nombre, codigo_region) VALUES(134, 'Romeral', 9);
INSERT INTO Comuna(codigo_comuna, nombre, codigo_region) VALUES(135, 'Sagrada Familia', 9);
INSERT INTO Comuna(codigo_comuna, nombre, codigo_region) VALUES(136, 'Teno', 9);
INSERT INTO Comuna(codigo_comuna, nombre, codigo_region) VALUES(137, 'Vichuqu√©n', 9);
INSERT INTO Comuna(codigo_comuna, nombre, codigo_region) VALUES(138, 'Linares', 9);
INSERT INTO Comuna(codigo_comuna, nombre, codigo_region) VALUES(139, 'Colb√∫n', 9);
INSERT INTO Comuna(codigo_comuna, nombre, codigo_region) VALUES(140, 'Longav√≠', 9);
INSERT INTO Comuna(codigo_comuna, nombre, codigo_region) VALUES(141, 'Parral', 9);
INSERT INTO Comuna(codigo_comuna, nombre, codigo_region) VALUES(142, 'Retiro', 9);
INSERT INTO Comuna(codigo_comuna, nombre, codigo_region) VALUES(143, 'San Javier', 9);
INSERT INTO Comuna(codigo_comuna, nombre, codigo_region) VALUES(144, 'Villa Alegre', 9);
INSERT INTO Comuna(codigo_comuna, nombre, codigo_region) VALUES(145, 'Yerbas Buenas', 9);
INSERT INTO Comuna(codigo_comuna, nombre, codigo_region) VALUES(146, 'Cobquecura', 10);
INSERT INTO Comuna(codigo_comuna, nombre, codigo_region) VALUES(147, 'Coelemu', 10);
INSERT INTO Comuna(codigo_comuna, nombre, codigo_region) VALUES(148, 'Ninhue', 10);
INSERT INTO Comuna(codigo_comuna, nombre, codigo_region) VALUES(149, 'Portezuelo', 10);
INSERT INTO Comuna(codigo_comuna, nombre, codigo_region) VALUES(150, 'Quirihue', 10);
INSERT INTO Comuna(codigo_comuna, nombre, codigo_region) VALUES(151, 'R√°nquil', 10);
INSERT INTO Comuna(codigo_comuna, nombre, codigo_region) VALUES(152, 'Treguaco', 10);
INSERT INTO Comuna(codigo_comuna, nombre, codigo_region) VALUES(153, 'Bulnes', 10);
INSERT INTO Comuna(codigo_comuna, nombre, codigo_region) VALUES(154, 'Chill√°n Viejo', 10);
INSERT INTO Comuna(codigo_comuna, nombre, codigo_region) VALUES(155, 'Chill√°n', 10);
INSERT INTO Comuna(codigo_comuna, nombre, codigo_region) VALUES(156, 'El Carmen', 10);
INSERT INTO Comuna(codigo_comuna, nombre, codigo_region) VALUES(157, 'Pemuco', 10);
INSERT INTO Comuna(codigo_comuna, nombre, codigo_region) VALUES(158, 'Pinto', 10);
INSERT INTO Comuna(codigo_comuna, nombre, codigo_region) VALUES(159, 'Quill√≥n', 10);
INSERT INTO Comuna(codigo_comuna, nombre, codigo_region) VALUES(160, 'San Ignacio', 10);
INSERT INTO Comuna(codigo_comuna, nombre, codigo_region) VALUES(161, 'Yungay', 10);
INSERT INTO Comuna(codigo_comuna, nombre, codigo_region) VALUES(162, 'Coihueco', 10);
INSERT INTO Comuna(codigo_comuna, nombre, codigo_region) VALUES(163, '√ëiqu√©n', 10);
INSERT INTO Comuna(codigo_comuna, nombre, codigo_region) VALUES(164, 'San Carlos', 10);
INSERT INTO Comuna(codigo_comuna, nombre, codigo_region) VALUES(165, 'San Fabi√°n', 10);
INSERT INTO Comuna(codigo_comuna, nombre, codigo_region) VALUES(166, 'San Nicol√°s', 10);
INSERT INTO Comuna(codigo_comuna, nombre, codigo_region) VALUES(167, 'Concepci√≥n', 11);
INSERT INTO Comuna(codigo_comuna, nombre, codigo_region) VALUES(168, 'Coronel', 11);
INSERT INTO Comuna(codigo_comuna, nombre, codigo_region) VALUES(169, 'Chiguayante', 11);
INSERT INTO Comuna(codigo_comuna, nombre, codigo_region) VALUES(170, 'Florida', 11);
INSERT INTO Comuna(codigo_comuna, nombre, codigo_region) VALUES(171, 'Hualqui', 11);
INSERT INTO Comuna(codigo_comuna, nombre, codigo_region) VALUES(172, 'Lota', 11);
INSERT INTO Comuna(codigo_comuna, nombre, codigo_region) VALUES(173, 'Penco', 11);
INSERT INTO Comuna(codigo_comuna, nombre, codigo_region) VALUES(174, 'San Pedro de la Paz', 11);
INSERT INTO Comuna(codigo_comuna, nombre, codigo_region) VALUES(175, 'Santa Juana', 11);
INSERT INTO Comuna(codigo_comuna, nombre, codigo_region) VALUES(176, 'Talcahuano', 11);
INSERT INTO Comuna(codigo_comuna, nombre, codigo_region) VALUES(177, 'Tom√©', 11);
INSERT INTO Comuna(codigo_comuna, nombre, codigo_region) VALUES(178, 'Hualp√©n', 11);
INSERT INTO Comuna(codigo_comuna, nombre, codigo_region) VALUES(179, 'Lebu', 11);
INSERT INTO Comuna(codigo_comuna, nombre, codigo_region) VALUES(180, 'Arauco', 11);
INSERT INTO Comuna(codigo_comuna, nombre, codigo_region) VALUES(181, 'Ca√±ete', 11);
INSERT INTO Comuna(codigo_comuna, nombre, codigo_region) VALUES(182, 'Contulmo', 11);
INSERT INTO Comuna(codigo_comuna, nombre, codigo_region) VALUES(183, 'Curanilahue', 11);
INSERT INTO Comuna(codigo_comuna, nombre, codigo_region) VALUES(184, 'Los √?lamos', 11);
INSERT INTO Comuna(codigo_comuna, nombre, codigo_region) VALUES(185, 'Tir√∫a', 11);
INSERT INTO Comuna(codigo_comuna, nombre, codigo_region) VALUES(186, 'Los √?ngeles', 11);
INSERT INTO Comuna(codigo_comuna, nombre, codigo_region) VALUES(187, 'Antuco', 11);
INSERT INTO Comuna(codigo_comuna, nombre, codigo_region) VALUES(188, 'Cabrero', 11);
INSERT INTO Comuna(codigo_comuna, nombre, codigo_region) VALUES(189, 'Laja', 11);
INSERT INTO Comuna(codigo_comuna, nombre, codigo_region) VALUES(190, 'Mulch√©n', 11);
INSERT INTO Comuna(codigo_comuna, nombre, codigo_region) VALUES(191, 'Nacimiento', 11);
INSERT INTO Comuna(codigo_comuna, nombre, codigo_region) VALUES(192, 'Negrete', 11);
INSERT INTO Comuna(codigo_comuna, nombre, codigo_region) VALUES(193, 'Quilaco', 11);
INSERT INTO Comuna(codigo_comuna, nombre, codigo_region) VALUES(194, 'Quilleco', 11);
INSERT INTO Comuna(codigo_comuna, nombre, codigo_region) VALUES(195, 'San Rosendo', 11);
INSERT INTO Comuna(codigo_comuna, nombre, codigo_region) VALUES(196, 'Santa B√°rbara', 11);
INSERT INTO Comuna(codigo_comuna, nombre, codigo_region) VALUES(197, 'Tucapel', 11);
INSERT INTO Comuna(codigo_comuna, nombre, codigo_region) VALUES(198, 'Yumbel', 11);
INSERT INTO Comuna(codigo_comuna, nombre, codigo_region) VALUES(199, 'Alto Biob√≠o', 11);
INSERT INTO Comuna(codigo_comuna, nombre, codigo_region) VALUES(200, 'Temuco', 12);
INSERT INTO Comuna(codigo_comuna, nombre, codigo_region) VALUES(201, 'Carahue', 12);
INSERT INTO Comuna(codigo_comuna, nombre, codigo_region) VALUES(202, 'Cunco', 12);
INSERT INTO Comuna(codigo_comuna, nombre, codigo_region) VALUES(203, 'Curarrehue', 12);
INSERT INTO Comuna(codigo_comuna, nombre, codigo_region) VALUES(204, 'Freire', 12);
INSERT INTO Comuna(codigo_comuna, nombre, codigo_region) VALUES(205, 'Galvarino', 12);
INSERT INTO Comuna(codigo_comuna, nombre, codigo_region) VALUES(206, 'Gorbea', 12);
INSERT INTO Comuna(codigo_comuna, nombre, codigo_region) VALUES(207, 'Lautaro', 12);
INSERT INTO Comuna(codigo_comuna, nombre, codigo_region) VALUES(208, 'Loncoche', 12);
INSERT INTO Comuna(codigo_comuna, nombre, codigo_region) VALUES(209, 'Melipeuco', 12);
INSERT INTO Comuna(codigo_comuna, nombre, codigo_region) VALUES(210, 'Nueva Imperial', 12);
INSERT INTO Comuna(codigo_comuna, nombre, codigo_region) VALUES(211, 'Padre las Casas', 12);
INSERT INTO Comuna(codigo_comuna, nombre, codigo_region) VALUES(212, 'Perquenco', 12);
INSERT INTO Comuna(codigo_comuna, nombre, codigo_region) VALUES(213, 'Pitrufqu√©n', 12);
INSERT INTO Comuna(codigo_comuna, nombre, codigo_region) VALUES(214, 'Puc√≥n', 12);
INSERT INTO Comuna(codigo_comuna, nombre, codigo_region) VALUES(215, 'Saavedra', 12);
INSERT INTO Comuna(codigo_comuna, nombre, codigo_region) VALUES(216, 'Teodoro Schmidt', 12);
INSERT INTO Comuna(codigo_comuna, nombre, codigo_region) VALUES(217, 'Tolt√©n', 12);
INSERT INTO Comuna(codigo_comuna, nombre, codigo_region) VALUES(218, 'Vilc√∫n', 12);
INSERT INTO Comuna(codigo_comuna, nombre, codigo_region) VALUES(219, 'Villarrica', 12);
INSERT INTO Comuna(codigo_comuna, nombre, codigo_region) VALUES(220, 'Cholchol', 12);
INSERT INTO Comuna(codigo_comuna, nombre, codigo_region) VALUES(221, 'Angol', 12);
INSERT INTO Comuna(codigo_comuna, nombre, codigo_region) VALUES(222, 'Collipulli', 12);
INSERT INTO Comuna(codigo_comuna, nombre, codigo_region) VALUES(223, 'Curacaut√≠n', 12);
INSERT INTO Comuna(codigo_comuna, nombre, codigo_region) VALUES(224, 'Ercilla', 12);
INSERT INTO Comuna(codigo_comuna, nombre, codigo_region) VALUES(225, 'Lonquimay', 12);
INSERT INTO Comuna(codigo_comuna, nombre, codigo_region) VALUES(226, 'Los Sauces', 12);
INSERT INTO Comuna(codigo_comuna, nombre, codigo_region) VALUES(227, 'Lumaco', 12);
INSERT INTO Comuna(codigo_comuna, nombre, codigo_region) VALUES(228, 'Pur√©n', 12);
INSERT INTO Comuna(codigo_comuna, nombre, codigo_region) VALUES(229, 'Renaico', 12);
INSERT INTO Comuna(codigo_comuna, nombre, codigo_region) VALUES(230, 'Traigu√©n', 12);
INSERT INTO Comuna(codigo_comuna, nombre, codigo_region) VALUES(231, 'Victoria', 12);
INSERT INTO Comuna(codigo_comuna, nombre, codigo_region) VALUES(232, 'Valdivia', 13);
INSERT INTO Comuna(codigo_comuna, nombre, codigo_region) VALUES(233, 'Corral', 13);
INSERT INTO Comuna(codigo_comuna, nombre, codigo_region) VALUES(234, 'Lanco', 13);
INSERT INTO Comuna(codigo_comuna, nombre, codigo_region) VALUES(235, 'Los Lagos', 13);
INSERT INTO Comuna(codigo_comuna, nombre, codigo_region) VALUES(236, 'M√°fil', 13);
INSERT INTO Comuna(codigo_comuna, nombre, codigo_region) VALUES(237, 'Mariquina', 13);
INSERT INTO Comuna(codigo_comuna, nombre, codigo_region) VALUES(238, 'Paillaco', 13);
INSERT INTO Comuna(codigo_comuna, nombre, codigo_region) VALUES(239, 'Panguipulli', 13);
INSERT INTO Comuna(codigo_comuna, nombre, codigo_region) VALUES(240, 'La Uni√≥n', 13);
INSERT INTO Comuna(codigo_comuna, nombre, codigo_region) VALUES(241, 'Futrono', 13);
INSERT INTO Comuna(codigo_comuna, nombre, codigo_region) VALUES(242, 'Lago Ranco', 13);
INSERT INTO Comuna(codigo_comuna, nombre, codigo_region) VALUES(243, 'R√≠o Bueno', 13);
INSERT INTO Comuna(codigo_comuna, nombre, codigo_region) VALUES(244, 'Puerto Montt', 14);
INSERT INTO Comuna(codigo_comuna, nombre, codigo_region) VALUES(245, 'Calbuco', 14);
INSERT INTO Comuna(codigo_comuna, nombre, codigo_region) VALUES(246, 'Cocham√≥', 14);
INSERT INTO Comuna(codigo_comuna, nombre, codigo_region) VALUES(247, 'Fresia', 14);
INSERT INTO Comuna(codigo_comuna, nombre, codigo_region) VALUES(248, 'Frutillar', 14);
INSERT INTO Comuna(codigo_comuna, nombre, codigo_region) VALUES(249, 'Los Muermos', 14);
INSERT INTO Comuna(codigo_comuna, nombre, codigo_region) VALUES(250, 'Llanquihue', 14);
INSERT INTO Comuna(codigo_comuna, nombre, codigo_region) VALUES(251, 'Maull√≠n', 14);
INSERT INTO Comuna(codigo_comuna, nombre, codigo_region) VALUES(252, 'Puerto Varas', 14);
INSERT INTO Comuna(codigo_comuna, nombre, codigo_region) VALUES(253, 'Castro', 14);
INSERT INTO Comuna(codigo_comuna, nombre, codigo_region) VALUES(254, 'Ancud', 14);
INSERT INTO Comuna(codigo_comuna, nombre, codigo_region) VALUES(255, 'Chonchi', 14);
INSERT INTO Comuna(codigo_comuna, nombre, codigo_region) VALUES(256, 'Curaco de V√©lez', 14);
INSERT INTO Comuna(codigo_comuna, nombre, codigo_region) VALUES(257, 'Dalcahue', 14);
INSERT INTO Comuna(codigo_comuna, nombre, codigo_region) VALUES(258, 'Puqueld√≥n', 14);
INSERT INTO Comuna(codigo_comuna, nombre, codigo_region) VALUES(259, 'Queil√©n', 14);
INSERT INTO Comuna(codigo_comuna, nombre, codigo_region) VALUES(260, 'Quell√≥n', 14);
INSERT INTO Comuna(codigo_comuna, nombre, codigo_region) VALUES(261, 'Quemchi', 14);
INSERT INTO Comuna(codigo_comuna, nombre, codigo_region) VALUES(262, 'Quinchao', 14);
INSERT INTO Comuna(codigo_comuna, nombre, codigo_region) VALUES(263, 'Osorno', 14);
INSERT INTO Comuna(codigo_comuna, nombre, codigo_region) VALUES(264, 'Puerto Octay', 14);
INSERT INTO Comuna(codigo_comuna, nombre, codigo_region) VALUES(265, 'Purranque', 14);
INSERT INTO Comuna(codigo_comuna, nombre, codigo_region) VALUES(266, 'Puyehue', 14);
INSERT INTO Comuna(codigo_comuna, nombre, codigo_region) VALUES(267, 'R√≠o Negro', 14);
INSERT INTO Comuna(codigo_comuna, nombre, codigo_region) VALUES(268, 'San Juan de la Costa', 14);
INSERT INTO Comuna(codigo_comuna, nombre, codigo_region) VALUES(269, 'San Pablo', 14);
INSERT INTO Comuna(codigo_comuna, nombre, codigo_region) VALUES(270, 'Chait√©n', 14);
INSERT INTO Comuna(codigo_comuna, nombre, codigo_region) VALUES(271, 'Futaleuf√∫', 14);
INSERT INTO Comuna(codigo_comuna, nombre, codigo_region) VALUES(272, 'Hualaihu√©', 14);
INSERT INTO Comuna(codigo_comuna, nombre, codigo_region) VALUES(273, 'Palena', 14);
INSERT INTO Comuna(codigo_comuna, nombre, codigo_region) VALUES(274, 'Coihaique', 15);
INSERT INTO Comuna(codigo_comuna, nombre, codigo_region) VALUES(275, 'Lago Verde', 15);
INSERT INTO Comuna(codigo_comuna, nombre, codigo_region) VALUES(276, 'Ais√©n', 15);
INSERT INTO Comuna(codigo_comuna, nombre, codigo_region) VALUES(277, 'Cisnes', 15);
INSERT INTO Comuna(codigo_comuna, nombre, codigo_region) VALUES(278, 'Guaitecas', 15);
INSERT INTO Comuna(codigo_comuna, nombre, codigo_region) VALUES(279, 'Cochrane', 15);
INSERT INTO Comuna(codigo_comuna, nombre, codigo_region) VALUES(280, 'O‚ÄôHiggins', 15);
INSERT INTO Comuna(codigo_comuna, nombre, codigo_region) VALUES(281, 'Tortel', 15);
INSERT INTO Comuna(codigo_comuna, nombre, codigo_region) VALUES(282, 'Chile Chico', 15);
INSERT INTO Comuna(codigo_comuna, nombre, codigo_region) VALUES(283, 'R√≠o Ib√°√±ez', 15);
INSERT INTO Comuna(codigo_comuna, nombre, codigo_region) VALUES(284, 'Punta Arenas', 16);
INSERT INTO Comuna(codigo_comuna, nombre, codigo_region) VALUES(285, 'Laguna Blanca', 16);
INSERT INTO Comuna(codigo_comuna, nombre, codigo_region) VALUES(286, 'R√≠o Verde', 16);
INSERT INTO Comuna(codigo_comuna, nombre, codigo_region) VALUES(287, 'San Gregorio', 16);
INSERT INTO Comuna(codigo_comuna, nombre, codigo_region) VALUES(288, 'Cabo de Hornos (Ex Navarino)', 16);
INSERT INTO Comuna(codigo_comuna, nombre, codigo_region) VALUES(289, 'Ant√°rtica', 16);
INSERT INTO Comuna(codigo_comuna, nombre, codigo_region) VALUES(290, 'Porvenir', 16);
INSERT INTO Comuna(codigo_comuna, nombre, codigo_region) VALUES(291, 'Primavera', 16);
INSERT INTO Comuna(codigo_comuna, nombre, codigo_region) VALUES(292, 'Timaukel', 16);
INSERT INTO Comuna(codigo_comuna, nombre, codigo_region) VALUES(293, 'Natales', 16);
INSERT INTO Comuna(codigo_comuna, nombre, codigo_region) VALUES(294, 'Torres del Paine', 16);
INSERT INTO Comuna(codigo_comuna, nombre, codigo_region) VALUES(295, 'Cerrillos', 7);
INSERT INTO Comuna(codigo_comuna, nombre, codigo_region) VALUES(296, 'Cerro Navia', 7);
INSERT INTO Comuna(codigo_comuna, nombre, codigo_region) VALUES(297, 'Conchal√≠', 7);
INSERT INTO Comuna(codigo_comuna, nombre, codigo_region) VALUES(298, 'El Bosque', 7);
INSERT INTO Comuna(codigo_comuna, nombre, codigo_region) VALUES(299, 'Estaci√≥n Central', 7);
INSERT INTO Comuna(codigo_comuna, nombre, codigo_region) VALUES(300, 'Huechuraba', 7);
INSERT INTO Comuna(codigo_comuna, nombre, codigo_region) VALUES(301, 'Independencia', 7);
INSERT INTO Comuna(codigo_comuna, nombre, codigo_region) VALUES(302, 'La Cisterna', 7);
INSERT INTO Comuna(codigo_comuna, nombre, codigo_region) VALUES(303, 'La Florida', 7);
INSERT INTO Comuna(codigo_comuna, nombre, codigo_region) VALUES(304, 'La Granja', 7);
INSERT INTO Comuna(codigo_comuna, nombre, codigo_region) VALUES(305, 'La Pintana', 7);
INSERT INTO Comuna(codigo_comuna, nombre, codigo_region) VALUES(306, 'La Reina', 7);
INSERT INTO Comuna(codigo_comuna, nombre, codigo_region) VALUES(307, 'Las Condes', 7);
INSERT INTO Comuna(codigo_comuna, nombre, codigo_region) VALUES(308, 'Lo Barnechea', 7);
INSERT INTO Comuna(codigo_comuna, nombre, codigo_region) VALUES(309, 'Lo Espejo', 7);
INSERT INTO Comuna(codigo_comuna, nombre, codigo_region) VALUES(310, 'Lo Prado', 7);
INSERT INTO Comuna(codigo_comuna, nombre, codigo_region) VALUES(311, 'Macul', 7);
INSERT INTO Comuna(codigo_comuna, nombre, codigo_region) VALUES(312, 'Maip√∫', 7);
INSERT INTO Comuna(codigo_comuna, nombre, codigo_region) VALUES(313, '√ëu√±oa', 7);
INSERT INTO Comuna(codigo_comuna, nombre, codigo_region) VALUES(314, 'Pedro Aguirre Cerda', 7);
INSERT INTO Comuna(codigo_comuna, nombre, codigo_region) VALUES(315, 'Pe√±alol√©n', 7);
INSERT INTO Comuna(codigo_comuna, nombre, codigo_region) VALUES(316, 'Providencia', 7);
INSERT INTO Comuna(codigo_comuna, nombre, codigo_region) VALUES(317, 'Pudahuel', 7);
INSERT INTO Comuna(codigo_comuna, nombre, codigo_region) VALUES(318, 'Quilicura', 7);
INSERT INTO Comuna(codigo_comuna, nombre, codigo_region) VALUES(319, 'Quinta Normal', 7);
INSERT INTO Comuna(codigo_comuna, nombre, codigo_region) VALUES(320, 'Recoleta', 7);
INSERT INTO Comuna(codigo_comuna, nombre, codigo_region) VALUES(321, 'Renca', 7);
INSERT INTO Comuna(codigo_comuna, nombre, codigo_region) VALUES(322, 'Santiago', 7);
INSERT INTO Comuna(codigo_comuna, nombre, codigo_region) VALUES(323, 'San Joaqu√≠n', 7);
INSERT INTO Comuna(codigo_comuna, nombre, codigo_region) VALUES(324, 'San Miguel', 7);
INSERT INTO Comuna(codigo_comuna, nombre, codigo_region) VALUES(325, 'San Ram√≥n', 7);
INSERT INTO Comuna(codigo_comuna, nombre, codigo_region) VALUES(326, 'Vitacura', 7);
INSERT INTO Comuna(codigo_comuna, nombre, codigo_region) VALUES(327, 'Puente Alto', 7);
INSERT INTO Comuna(codigo_comuna, nombre, codigo_region) VALUES(328, 'Pirque', 7);
INSERT INTO Comuna(codigo_comuna, nombre, codigo_region) VALUES(329, 'San Jos√© de Maipo', 7);
INSERT INTO Comuna(codigo_comuna, nombre, codigo_region) VALUES(330, 'Colina', 7);
INSERT INTO Comuna(codigo_comuna, nombre, codigo_region) VALUES(331, 'Lampa', 7);
INSERT INTO Comuna(codigo_comuna, nombre, codigo_region) VALUES(332, 'Tiltil', 7);
INSERT INTO Comuna(codigo_comuna, nombre, codigo_region) VALUES(333, 'San Bernardo', 7);
INSERT INTO Comuna(codigo_comuna, nombre, codigo_region) VALUES(334, 'Buin', 7);
INSERT INTO Comuna(codigo_comuna, nombre, codigo_region) VALUES(335, 'Calera de Tango', 7);
INSERT INTO Comuna(codigo_comuna, nombre, codigo_region) VALUES(336, 'Paine', 7);
INSERT INTO Comuna(codigo_comuna, nombre, codigo_region) VALUES(337, 'Melipilla', 7);
INSERT INTO Comuna(codigo_comuna, nombre, codigo_region) VALUES(338, 'Alhu√©', 7);
INSERT INTO Comuna(codigo_comuna, nombre, codigo_region) VALUES(339, 'Curacav√≠', 7);
INSERT INTO Comuna(codigo_comuna, nombre, codigo_region) VALUES(340, 'Mar√≠a Pinto', 7);
INSERT INTO Comuna(codigo_comuna, nombre, codigo_region) VALUES(341, 'San Pedro', 7);
INSERT INTO Comuna(codigo_comuna, nombre, codigo_region) VALUES(342, 'Talagante', 7);
INSERT INTO Comuna(codigo_comuna, nombre, codigo_region) VALUES(343, 'El Monte', 7);
INSERT INTO Comuna(codigo_comuna, nombre, codigo_region) VALUES(344, 'Isla de Maipo', 7);
INSERT INTO Comuna(codigo_comuna, nombre, codigo_region) VALUES(345, 'Padre Hurtado', 7);
INSERT INTO Comuna(codigo_comuna, nombre, codigo_region) VALUES(346, 'Pe√±aflor', 7);

CREATE TABLE Tutor(
	codigo_tutor INT,
	rut VARCHAR(15),
	nombre VARCHAR(30),
	apellido_pat VARCHAR(30),
	apellido_mat VARCHAR(30),
	direccion VARCHAR(100),
	cargo VARCHAR(20),
	codigo_comuna INT,
	CONSTRAINT pk_tutor PRIMARY KEY (codigo_tutor),
	CONSTRAINT fk_tutor_comuna FOREIGN KEY (codigo_comuna) REFERENCES comuna(codigo_comuna)
);

INSERT INTO Tutor(codigo_tutor, rut, nombre, apellido_pat, apellido_mat, direccion, cargo, codigo_comuna) VALUES (1, '11.111.111-1', 'Osman', 'Perez', 'Mart√≠nez', 'Av. Bol√≠var', 'Relator', 334);
INSERT INTO Tutor(codigo_tutor, rut, nombre, apellido_pat, apellido_mat, direccion, cargo, codigo_comuna) VALUES (2, '22.222.222-2', 'Everto', 'Farias', 'Duran', 'Argomedo 350', 'Relator', 322);
INSERT INTO Tutor(codigo_tutor, rut, nombre, apellido_pat, apellido_mat, direccion, cargo, codigo_comuna) VALUES (3, '33.333.333-3', 'Angeri', 'Mart√≠nez', 'Gonz√°lez', 'La Zurza II', 'Relator', 80);
INSERT INTO Tutor(codigo_tutor, rut, nombre, apellido_pat, apellido_mat, direccion, cargo, codigo_comuna) VALUES (4, '44.444.444-4', 'Carlos', 'Grac√≠a', 'Bujanda', 'San Francisco 445', 'Relator', 320);
INSERT INTO Tutor(codigo_tutor, rut, nombre, apellido_pat, apellido_mat, direccion, cargo, codigo_comuna) VALUES (5, '55.555.555-5', 'Marcos', 'Ojeda', 'Escalante', 'Carlos Aguirre 554', 'Relator', 327);
INSERT INTO Tutor(codigo_tutor, rut, nombre, apellido_pat, apellido_mat, direccion, cargo, codigo_comuna) VALUES (6, '66.666.666-6', 'Adrian', 'Franco', 'Franco', 'General Mackenna 1325', 'Relator', 322);
INSERT INTO Tutor(codigo_tutor, rut, nombre, apellido_pat, apellido_mat, direccion, cargo, codigo_comuna) VALUES (7, '77.777.777-7', 'Germ√°n', 'Pinto', 'Ram√≠rez', 'Parque Ver√≥nica 1234', 'Relator', 312);
INSERT INTO Tutor(codigo_tutor, rut, nombre, apellido_pat, apellido_mat, direccion, cargo, codigo_comuna) VALUES (8, '88.888.888-8', 'Jorge', 'Carmona', 'Llancavil', 'Victor Troncoso Mu√±oz 456', 'Relator', 334);
INSERT INTO Tutor(codigo_tutor, rut, nombre, apellido_pat, apellido_mat, direccion, cargo, codigo_comuna) VALUES (9, '99.999.999-9', 'Alejandro', 'Bonilla', 'Alfaro', 'Rieles Bajos 567', 'Relator', 31);
INSERT INTO Tutor(codigo_tutor, rut, nombre, apellido_pat, apellido_mat, direccion, cargo, codigo_comuna) VALUES (10, '10.101.010-1', 'Elfar', 'Morantes', 'Sanchez', 'Avenida Alonso Ovalle 467', 'Relator', 336);
INSERT INTO Tutor(codigo_tutor, rut, nombre, apellido_pat, apellido_mat, direccion, cargo, codigo_comuna) VALUES (11, '20.202.020-2', 'Cristian', 'Alveal', 'Vergara', 'Gran Avenida 5435', 'Relator', 298);
INSERT INTO Tutor(codigo_tutor, rut, nombre, apellido_pat, apellido_mat, direccion, cargo, codigo_comuna) VALUES (12, '30.303.030-3', 'Luis', 'Ram√≠rez', 'Llanguihuen', 'San Eugenio 542', 'Relator', 313);
INSERT INTO Tutor(codigo_tutor, rut, nombre, apellido_pat, apellido_mat, direccion, cargo, codigo_comuna) VALUES (13, '40.404.040-4', 'Jorge', 'Zaldivar', 'Toledo', 'Avenida Manuel Montt 456', 'Relator', 316);
INSERT INTO Tutor(codigo_tutor, rut, nombre, apellido_pat, apellido_mat, direccion, cargo, codigo_comuna) VALUES (14, '50.505.050-5', 'Pablo', 'Sandoval', 'Cornejo', 'Isla Mancera 2435', 'Relator', 303);
INSERT INTO Tutor(codigo_tutor, rut, nombre, apellido_pat, apellido_mat, direccion, cargo, codigo_comuna) VALUES (15, '60.606.060-6', 'Roberto', 'Hernandez', 'Capistr√°n', 'Avenida M√©xico', 'Relator', 327);
INSERT INTO Tutor(codigo_tutor, rut, nombre, apellido_pat, apellido_mat, direccion, cargo, codigo_comuna) VALUES (16, '70-707-070-7', 'Juan', 'Rodriguez', 'Rodriguez', 'Raymond Poincar√© 4537', 'Relator', 327);
INSERT INTO Tutor(codigo_tutor, rut, nombre, apellido_pat, apellido_mat, direccion, cargo, codigo_comuna) VALUES (17, '80-808-080-8', 'Fernando', 'Lastra', 'Molina', 'Pasaje Los Pistachos 564', 'Relator', 90);
INSERT INTO Tutor(codigo_tutor, rut, nombre, apellido_pat, apellido_mat, direccion, cargo, codigo_comuna) VALUES (18, '90.909.090-9', 'Katherina', 'Serczyk', 'Ortega', 'Sucre 1985', 'Relator', 313);
INSERT INTO Tutor(codigo_tutor, rut, nombre, apellido_pat, apellido_mat, direccion, cargo, codigo_comuna) VALUES (19, '11.010.101-1', 'Rodrigo', 'Vera', 'Castillo', 'Camino del Esteto 495', 'Relator', 346);
INSERT INTO Tutor(codigo_tutor, rut, nombre, apellido_pat, apellido_mat, direccion, cargo, codigo_comuna) VALUES (20, '22.020.202-2', 'Richar', 'Lujano', 'Lujano', 'Santa Victoria 496', 'Relator', 322);
INSERT INTO Tutor(codigo_tutor, rut, nombre, apellido_pat, apellido_mat, direccion, cargo, codigo_comuna) VALUES (21, '33.030.303-3', 'Maria', 'Alfaro', 'Cortez', 'Camino a Huallalolen 34586', 'Relator', 308);
INSERT INTO Tutor(codigo_tutor, rut, nombre, apellido_pat, apellido_mat, direccion, cargo, codigo_comuna) VALUES (22, '44.040.404-4', 'Alejandro', 'Tenias', 'Villarroel', 'Pasaje el Fleque 547', 'Relator', 308);
INSERT INTO Tutor(codigo_tutor, rut, nombre, apellido_pat, apellido_mat, direccion, cargo, codigo_comuna) VALUES (23, '55.050.505-5', 'Ray', 'Rojas', 'Enciso', 'Camino al Volc√°n 4593', 'Relator', 329);
INSERT INTO Tutor(codigo_tutor, rut, nombre, apellido_pat, apellido_mat, direccion, cargo, codigo_comuna) VALUES (24, '66.060.606-6', 'Juan', 'Gonzalez', 'Mesa', 'Glaciar Grey 5967', 'Relator', 129);
INSERT INTO Tutor(codigo_tutor, rut, nombre, apellido_pat, apellido_mat, direccion, cargo, codigo_comuna) VALUES (25, '77.070.707-7', 'Julian', 'Tuffano', 'Gascon', 'Calle Argentinca 5489', 'Relator', 330);
INSERT INTO Tutor(codigo_tutor, rut, nombre, apellido_pat, apellido_mat, direccion, cargo, codigo_comuna) VALUES (26, '88.080.808-8', 'Daniel', 'Ferrera', 'Leiva', 'Liquidambar 4999', 'Relator', 47);
INSERT INTO Tutor(codigo_tutor, rut, nombre, apellido_pat, apellido_mat, direccion, cargo, codigo_comuna) VALUES (27, '99.090.909-9', 'Jorge', 'Martinez', 'Romero', 'Limar√≠ 5664', 'Relator', 47);
INSERT INTO Tutor(codigo_tutor, rut, nombre, apellido_pat, apellido_mat, direccion, cargo, codigo_comuna) VALUES (28, '12.121.212-2', 'Nelson', 'Ram√≠rez', 'Ram√≠rez', 'Groenlandia 05686', 'Ayudante', 320);
INSERT INTO Tutor(codigo_tutor, rut, nombre, apellido_pat, apellido_mat, direccion, cargo, codigo_comuna) VALUES (29, '13.131.313-3', 'Alan', 'Garc√≠a', 'Mu√±oz', 'Pasaje Strauss 5679', 'Ayudante', 298);
INSERT INTO Tutor(codigo_tutor, rut, nombre, apellido_pat, apellido_mat, direccion, cargo, codigo_comuna) VALUES (30, '14.141.414-4', 'Alejandro', 'D√≠az', 'Aravena', 'Walker Matinez 5493', 'Ayudante', 303);
INSERT INTO Tutor(codigo_tutor, rut, nombre, apellido_pat, apellido_mat, direccion, cargo, codigo_comuna) VALUES (31, '15.151.515-5', 'Alejandro', 'Lara', 'Lara', 'Enrique Olivares 568', 'Ayudante', 303);
INSERT INTO Tutor(codigo_tutor, rut, nombre, apellido_pat, apellido_mat, direccion, cargo, codigo_comuna) VALUES (32, '16.161.616-6', 'Rodrigo', 'Flores', 'Figueroa', 'Pasaje Veinitiuno 593', 'Ayudante', 297);
INSERT INTO Tutor(codigo_tutor, rut, nombre, apellido_pat, apellido_mat, direccion, cargo, codigo_comuna) VALUES (33, '17.171.717-7', 'Miguel', 'Parra', 'Mora', 'Rojas Magallanes 5834', 'Ayudante', 303);
INSERT INTO Tutor(codigo_tutor, rut, nombre, apellido_pat, apellido_mat, direccion, cargo, codigo_comuna) VALUES (34, '18.181.818-8', 'Francisco', 'Marin', 'Ascenso', 'Tucapel 567', 'Ayudante', 313);
INSERT INTO Tutor(codigo_tutor, rut, nombre, apellido_pat, apellido_mat, direccion, cargo, codigo_comuna) VALUES (35, '19.191.919-9', 'Aaron', 'Ubilla', 'Jelvez', 'Vicente Huidobro 984', 'Ayudante', 250);
INSERT INTO Tutor(codigo_tutor, rut, nombre, apellido_pat, apellido_mat, direccion, cargo, codigo_comuna) VALUES (36, '10.010.101-1', 'Eliecer', 'D√≠az', 'Rojas', 'Vicu√±a Mackena 4553', 'Ayudante', 251);
INSERT INTO Tutor(codigo_tutor, rut, nombre, apellido_pat, apellido_mat, direccion, cargo, codigo_comuna) VALUES (37, '20.020.202-2', 'Constanza', 'Puga', 'Rute', 'Independencia 4356', 'Ayudante', 45);
INSERT INTO Tutor(codigo_tutor, rut, nombre, apellido_pat, apellido_mat, direccion, cargo, codigo_comuna) VALUES (38, '25.525.252-5', 'Nathalie', 'Carrasco', 'Campos', 'Ercilla Alto 5665', 'Ayudante', 252);
INSERT INTO Tutor(codigo_tutor, rut, nombre, apellido_pat, apellido_mat, direccion, cargo, codigo_comuna) VALUES (39, '22.343.434-2', 'Patricio', 'San Mart√≠n', 'Barraza', 'Chaura 4451', 'Ayudante', 312);
INSERT INTO Tutor(codigo_tutor, rut, nombre, apellido_pat, apellido_mat, direccion, cargo, codigo_comuna) VALUES (40, '23.345.543-3', 'Fanny', 'Tineo', 'Tineo', 'Avenida Arizaleta 5678', 'Ayudante', 253);
INSERT INTO Tutor(codigo_tutor, rut, nombre, apellido_pat, apellido_mat, direccion, cargo, codigo_comuna) VALUES (42, '21.111.111-3', 'Jaime', 'Soto', 'Ruiz', 'Orompello 5677', 'Ayudante', 299);
INSERT INTO Tutor(codigo_tutor, rut, nombre, apellido_pat, apellido_mat, direccion, cargo, codigo_comuna) VALUES (43, '22.111.111-4', 'Cesar', 'Osses', 'C√°rcamo', '3 Poniente 456', 'Ayudante', 51);
INSERT INTO Tutor(codigo_tutor, rut, nombre, apellido_pat, apellido_mat, direccion, cargo, codigo_comuna) VALUES (44, '23.111.111-5', 'Iv√°n', 'Espinoza', 'Cort√©s', 'Tres Sur 6678', 'Ayudante', 51);
INSERT INTO Tutor(codigo_tutor, rut, nombre, apellido_pat, apellido_mat, direccion, cargo, codigo_comuna) VALUES (45, '24.111.111-6', 'Jos√©', 'Toloza', 'Avilla', 'Vallejos 50', 'Ayudante', 45);
INSERT INTO Tutor(codigo_tutor, rut, nombre, apellido_pat, apellido_mat, direccion, cargo, codigo_comuna) VALUES (46, '25.111.111-7', 'Hiliana', 'Bustamante', 'Gonzalez', 'Lord Cochrane 339', 'Ayudante', 322);
INSERT INTO Tutor(codigo_tutor, rut, nombre, apellido_pat, apellido_mat, direccion, cargo, codigo_comuna) VALUES (47, '26.111.111-8', 'Daniel', 'Johnson', 'Opazo', 'El Tabo 593', 'Ayudante', 71);

CREATE TABLE Modulo(
	codigo_modulo INT,
	descripcion VARCHAR(100),
	duracion_horas INT,
	CONSTRAINT pk_modulo PRIMARY KEY (codigo_modulo)
);

INSERT INTO Modulo(codigo_modulo, descripcion, duracion_horas) VALUES (1, 'Orientaci√≥n al perfil y metodolog√≠a', 18);
INSERT INTO Modulo(codigo_modulo, descripcion, duracion_horas) VALUES (2, 'Desarrollo de portafolio de un producto digital', 18);
INSERT INTO Modulo(codigo_modulo, descripcion, duracion_horas) VALUES (3, 'Desarrollo de empleabilidad en la industria digital', 18);
INSERT INTO Modulo(codigo_modulo, descripcion, duracion_horas) VALUES (4, 'Fundamentos de desarrollo frontend', 72);
INSERT INTO Modulo(codigo_modulo, descripcion, duracion_horas) VALUES (5, 'Fundamentos de programaci√≥n Python', 72);
INSERT INTO Modulo(codigo_modulo, descripcion, duracion_horas) VALUES (6, 'Programaci√≥n avanzada en Python', 56);
INSERT INTO Modulo(codigo_modulo, descripcion, duracion_horas) VALUES (7, 'Fundamentos de bases de datos relacionales', 56);
INSERT INTO Modulo(codigo_modulo, descripcion, duracion_horas) VALUES (8, 'Desarrollo de aplicaciones web con Python Django', 72);
INSERT INTO Modulo(codigo_modulo, descripcion, duracion_horas) VALUES (9, 'Acceso a datos en aplicaciones Python Django', 80);
INSERT INTO Modulo(codigo_modulo, descripcion, duracion_horas) VALUES (10, 'Fundamentos de programaci√≥n en JS', 60);
INSERT INTO Modulo(codigo_modulo, descripcion, duracion_horas) VALUES (11, 'Programaci√≥n avanzada en JS', 48);
INSERT INTO Modulo(codigo_modulo, descripcion, duracion_horas) VALUES (12, 'Desarrollo de aplicaciones web node express', 72);
INSERT INTO Modulo(codigo_modulo, descripcion, duracion_horas) VALUES (13, 'Acceso a datos en aplicaciones node', 64);
INSERT INTO Modulo(codigo_modulo, descripcion, duracion_horas) VALUES (14, 'Implementaci√≥n de API backend node express', 46);
INSERT INTO Modulo(codigo_modulo, descripcion, duracion_horas) VALUES (15, 'Fundamentos de programaci√≥n Java', 144);
INSERT INTO Modulo(codigo_modulo, descripcion, duracion_horas) VALUES (16, 'Desarrollo de aplicaciones web din√°micas Java', 64);
INSERT INTO Modulo(codigo_modulo, descripcion, duracion_horas) VALUES (17, 'Desarrollo de aplicaciones JEE con Spring Framework', 90);
INSERT INTO Modulo(codigo_modulo, descripcion, duracion_horas) VALUES (18, 'Desarrollo de la interfaz de usuario web', 56);
INSERT INTO Modulo(codigo_modulo, descripcion, duracion_horas) VALUES (19, 'Desarrollo de interfaces interactivas con Framework VUE', 80);
INSERT INTO Modulo(codigo_modulo, descripcion, duracion_horas) VALUES (20, 'Desarrollo de aplicaciones frontend con Framework VUE', 80);
INSERT INTO Modulo(codigo_modulo, descripcion, duracion_horas) VALUES (21, 'Introducci√≥n a los negocios tecnol√≥gicos', 30);
INSERT INTO Modulo(codigo_modulo, descripcion, duracion_horas) VALUES (22, 'Design Thinking', 24);
INSERT INTO Modulo(codigo_modulo, descripcion, duracion_horas) VALUES (23, 'Lean Startup', 16);
INSERT INTO Modulo(codigo_modulo, descripcion, duracion_horas) VALUES (24, 'Dise√±o de producto para emprendimiento digital', 44);
INSERT INTO Modulo(codigo_modulo, descripcion, duracion_horas) VALUES (25, 'Introducci√≥n al desarrollo web para emprendimiento', 48);
INSERT INTO Modulo(codigo_modulo, descripcion, duracion_horas) VALUES (26, 'Introducci√≥n a la programaci√≥n con Ruby', 60);
INSERT INTO Modulo(codigo_modulo, descripcion, duracion_horas) VALUES (27, 'Introducci√≥n a las bases de datos para emprendimiento', 56);
INSERT INTO Modulo(codigo_modulo, descripcion, duracion_horas) VALUES (28, 'Introducci√≥n a desarrollo de aplicaciones ROR', 60);
INSERT INTO Modulo(codigo_modulo, descripcion, duracion_horas) VALUES (29, 'Desarrollo de aplicaciones ROR', 60);
INSERT INTO Modulo(codigo_modulo, descripcion, duracion_horas) VALUES (30, 'Visi√≥n del producto en un emprendimiento', 28);
INSERT INTO Modulo(codigo_modulo, descripcion, duracion_horas) VALUES (31, 'Presentaci√≥n del producto y levantamiento', 24);

CREATE TABLE Plan_Formativo(
	codigo_plan_formativo VARCHAR(30),
	descripcion VARCHAR(250),
	duracion_horas INT,
	CONSTRAINT pk_plan_formativo PRIMARY KEY (codigo_plan_formativo)
);

INSERT INTO plan_formativo(codigo_plan_formativo, descripcion, duracion_horas) VALUES ('A1','Desarrollo de aplifaciones Frontend Trainee',438);
INSERT INTO plan_formativo(codigo_plan_formativo, descripcion, duracion_horas) VALUES ('A2','Desarrollo de aplifaciones FullStack Java Trainee',480);
INSERT INTO plan_formativo(codigo_plan_formativo, descripcion, duracion_horas) VALUES ('A3','Desarrollo de aplifaciones FullStack JavaScript Trainee',472);
INSERT INTO plan_formativo(codigo_plan_formativo, descripcion, duracion_horas) VALUES ('A4','Desarrollo de aplifaciones FullStack Python Trainee',462);
INSERT INTO plan_formativo(codigo_plan_formativo, descripcion, duracion_horas) VALUES ('A5','Emprendimiento digital con Ruby On Rails',450);

CREATE TABLE Plan_Modulo(
	codigo_plan_formativo VARCHAR(30),
	codigo_modulo INT,
	CONSTRAINT pk_plan_modulo PRIMARY KEY (codigo_plan_formativo, codigo_modulo),
	CONSTRAINT fk_plan_modulo_plan_formativo FOREIGN KEY (codigo_plan_formativo) REFERENCES plan_formativo(codigo_plan_formativo),
	CONSTRAINT fk_plan_modulo_modulo FOREIGN KEY (codigo_modulo) REFERENCES modulo(codigo_modulo)
);

INSERT INTO plan_modulo(codigo_plan_formativo, codigo_modulo) VALUES ('A1',1);
INSERT INTO plan_modulo(codigo_plan_formativo, codigo_modulo) VALUES ('A1',4);
INSERT INTO plan_modulo(codigo_plan_formativo, codigo_modulo) VALUES ('A1',18);
INSERT INTO plan_modulo(codigo_plan_formativo, codigo_modulo) VALUES ('A1',10);
INSERT INTO plan_modulo(codigo_plan_formativo, codigo_modulo) VALUES ('A1',11);
INSERT INTO plan_modulo(codigo_plan_formativo, codigo_modulo) VALUES ('A1',19);
INSERT INTO plan_modulo(codigo_plan_formativo, codigo_modulo) VALUES ('A1',20);
INSERT INTO plan_modulo(codigo_plan_formativo, codigo_modulo) VALUES ('A1',2);
INSERT INTO plan_modulo(codigo_plan_formativo, codigo_modulo) VALUES ('A1',3);
INSERT INTO plan_modulo(codigo_plan_formativo, codigo_modulo) VALUES ('A2',1);
INSERT INTO plan_modulo(codigo_plan_formativo, codigo_modulo) VALUES ('A2',4);
INSERT INTO plan_modulo(codigo_plan_formativo, codigo_modulo) VALUES ('A2',7);
INSERT INTO plan_modulo(codigo_plan_formativo, codigo_modulo) VALUES ('A2',15);
INSERT INTO plan_modulo(codigo_plan_formativo, codigo_modulo) VALUES ('A2',16);
INSERT INTO plan_modulo(codigo_plan_formativo, codigo_modulo) VALUES ('A2',17);
INSERT INTO plan_modulo(codigo_plan_formativo, codigo_modulo) VALUES ('A2',2);
INSERT INTO plan_modulo(codigo_plan_formativo, codigo_modulo) VALUES ('A2',3);
INSERT INTO plan_modulo(codigo_plan_formativo, codigo_modulo) VALUES ('A3',1);
INSERT INTO plan_modulo(codigo_plan_formativo, codigo_modulo) VALUES ('A3',4);
INSERT INTO plan_modulo(codigo_plan_formativo, codigo_modulo) VALUES ('A3',10);
INSERT INTO plan_modulo(codigo_plan_formativo, codigo_modulo) VALUES ('A3',11);
INSERT INTO plan_modulo(codigo_plan_formativo, codigo_modulo) VALUES ('A3',7);
INSERT INTO plan_modulo(codigo_plan_formativo, codigo_modulo) VALUES ('A3',12);
INSERT INTO plan_modulo(codigo_plan_formativo, codigo_modulo) VALUES ('A3',13);
INSERT INTO plan_modulo(codigo_plan_formativo, codigo_modulo) VALUES ('A3',14);
INSERT INTO plan_modulo(codigo_plan_formativo, codigo_modulo) VALUES ('A3',2);
INSERT INTO plan_modulo(codigo_plan_formativo, codigo_modulo) VALUES ('A3',3);
INSERT INTO plan_modulo(codigo_plan_formativo, codigo_modulo) VALUES ('A4',1);
INSERT INTO plan_modulo(codigo_plan_formativo, codigo_modulo) VALUES ('A4',4);
INSERT INTO plan_modulo(codigo_plan_formativo, codigo_modulo) VALUES ('A4',5);
INSERT INTO plan_modulo(codigo_plan_formativo, codigo_modulo) VALUES ('A4',6);
INSERT INTO plan_modulo(codigo_plan_formativo, codigo_modulo) VALUES ('A4',7);
INSERT INTO plan_modulo(codigo_plan_formativo, codigo_modulo) VALUES ('A4',8);
INSERT INTO plan_modulo(codigo_plan_formativo, codigo_modulo) VALUES ('A4',9);
INSERT INTO plan_modulo(codigo_plan_formativo, codigo_modulo) VALUES ('A4',2);
INSERT INTO plan_modulo(codigo_plan_formativo, codigo_modulo) VALUES ('A4',3);
INSERT INTO plan_modulo(codigo_plan_formativo, codigo_modulo) VALUES ('A5',21);
INSERT INTO plan_modulo(codigo_plan_formativo, codigo_modulo) VALUES ('A5',22);
INSERT INTO plan_modulo(codigo_plan_formativo, codigo_modulo) VALUES ('A5',23);
INSERT INTO plan_modulo(codigo_plan_formativo, codigo_modulo) VALUES ('A5',24);
INSERT INTO plan_modulo(codigo_plan_formativo, codigo_modulo) VALUES ('A5',25);
INSERT INTO plan_modulo(codigo_plan_formativo, codigo_modulo) VALUES ('A5',26);
INSERT INTO plan_modulo(codigo_plan_formativo, codigo_modulo) VALUES ('A5',27);
INSERT INTO plan_modulo(codigo_plan_formativo, codigo_modulo) VALUES ('A5',28);
INSERT INTO plan_modulo(codigo_plan_formativo, codigo_modulo) VALUES ('A5',29);
INSERT INTO plan_modulo(codigo_plan_formativo, codigo_modulo) VALUES ('A5',30);
INSERT INTO plan_modulo(codigo_plan_formativo, codigo_modulo) VALUES ('A5',31);

CREATE TABLE Curso(
	codigo_curso VARCHAR(30),
	fecha_inicio DATE,
	fecha_termno DATE,
	codigo_comuna INT,
	codigo_plan_formativo VARCHAR(30),
	CONSTRAINT pk_curso PRIMARY KEY (codigo_curso),
	CONSTRAINT fk_curso_comuna FOREIGN KEY (codigo_comuna) REFERENCES comuna(codigo_comuna),
	CONSTRAINT fk_curso_plan_formativo FOREIGN KEY (codigo_plan_formativo) REFERENCES plan_formativo(codigo_plan_formativo)
);

INSERT INTO Curso(codigo_curso, fecha_inicio, fecha_termno, codigo_comuna, codigo_plan_formativo) VALUES ('0004', '16-03-2022', '09-08-2022', 303, 'A2');
INSERT INTO Curso(codigo_curso, fecha_inicio, fecha_termno, codigo_comuna, codigo_plan_formativo) VALUES ('0010', '17-03-2022', '05-08-2022', 302, 'A4');
INSERT INTO Curso(codigo_curso, fecha_inicio, fecha_termno, codigo_comuna, codigo_plan_formativo) VALUES ('0008', '20-12-2021', '05-03-2022', 306, 'A4');
INSERT INTO Curso(codigo_curso, fecha_inicio, fecha_termno, codigo_comuna, codigo_plan_formativo) VALUES ('0006', '20-12-2021', '30-05-2022', 305, 'A3');
INSERT INTO Curso(codigo_curso, fecha_inicio, fecha_termno, codigo_comuna, codigo_plan_formativo) VALUES ('0045', '05-04-2022', '21-07-2022', 304, 'A5');
INSERT INTO Curso(codigo_curso, fecha_inicio, fecha_termno, codigo_comuna, codigo_plan_formativo) VALUES ('0009', '20-12-2021', '04-06-2022', 304, 'A4');
INSERT INTO Curso(codigo_curso, fecha_inicio, fecha_termno, codigo_comuna, codigo_plan_formativo) VALUES ('0007', '15-03-2022', '12-08-2022', 303, 'A3');
INSERT INTO Curso(codigo_curso, fecha_inicio, fecha_termno, codigo_comuna, codigo_plan_formativo) VALUES ('0001', '15-03-2022', '12-08-2022', 303, 'A2');
INSERT INTO Curso(codigo_curso, fecha_inicio, fecha_termno, codigo_comuna, codigo_plan_formativo) VALUES ('0031', '17-03-2022', '09-08-2022', 303, 'A5');
INSERT INTO Curso(codigo_curso, fecha_inicio, fecha_termno, codigo_comuna, codigo_plan_formativo) VALUES ('0046', '17-03-2022', '05-08-2022', 250, 'A5');
INSERT INTO Curso(codigo_curso, fecha_inicio, fecha_termno, codigo_comuna, codigo_plan_formativo) VALUES ('0012', '15-03-2022', '06-08-2022', 258, 'A1');
INSERT INTO Curso(codigo_curso, fecha_inicio, fecha_termno, codigo_comuna, codigo_plan_formativo) VALUES ('0003', '15-03-2022', '05-08-2022', 317, 'A2');
INSERT INTO Curso(codigo_curso, fecha_inicio, fecha_termno, codigo_comuna, codigo_plan_formativo) VALUES ('0027', '17-03-2022', '06-08-2022', 303, 'A1');
INSERT INTO Curso(codigo_curso, fecha_inicio, fecha_termno, codigo_comuna, codigo_plan_formativo) VALUES ('0044', '18-03-2022', '06-08-2022', 201, 'A5');
INSERT INTO Curso(codigo_curso, fecha_inicio, fecha_termno, codigo_comuna, codigo_plan_formativo) VALUES ('0005', '19-03-2022', '12-08-2022', 47, 'A3');
INSERT INTO Curso(codigo_curso, fecha_inicio, fecha_termno, codigo_comuna, codigo_plan_formativo) VALUES ('0032', '18-03-2022', '08-08-2022', 90, 'A5');
INSERT INTO Curso(codigo_curso, fecha_inicio, fecha_termno, codigo_comuna, codigo_plan_formativo) VALUES ('0013', '19-03-2022', '08-08-2022', 56, 'A1');
INSERT INTO Curso(codigo_curso, fecha_inicio, fecha_termno, codigo_comuna, codigo_plan_formativo) VALUES ('0029', '19-03-2022', '12-08-2022', 303, 'A2');
INSERT INTO Curso(codigo_curso, fecha_inicio, fecha_termno, codigo_comuna, codigo_plan_formativo) VALUES ('0002', '18-03-2022', '06-08-2022', 303, 'A2');
INSERT INTO Curso(codigo_curso, fecha_inicio, fecha_termno, codigo_comuna, codigo_plan_formativo) VALUES ('0028', '18-03-2022', '06-08-2022', 303, 'A2');
INSERT INTO Curso(codigo_curso, fecha_inicio, fecha_termno, codigo_comuna, codigo_plan_formativo) VALUES ('0047', '16-03-2022', '06-08-2022', 303, 'A5');

CREATE TABLE Curso_Modulo_Tutor(
	codigo_curso VARCHAR(30),
	codigo_modulo INT,
	codigo_tutor INT,
	CONSTRAINT pk_curso_modulo_tutor PRIMARY KEY (codigo_curso, codigo_modulo, codigo_tutor),
	CONSTRAINT fk_curso_modulo_tutor_curso FOREIGN KEY (codigo_curso) REFERENCES curso(codigo_curso),
	CONSTRAINT fk_curso_modulo_tutor_modulo FOREIGN KEY (codigo_modulo) REFERENCES modulo(codigo_modulo),
	CONSTRAINT fk_curso_modulo_tutor_tutor FOREIGN KEY (codigo_tutor) REFERENCES tutor(codigo_tutor)
);

INSERT INTO curso_modulo_tutor(codigo_curso, codigo_modulo, codigo_tutor) VALUES ('0004', 1, 8);
INSERT INTO curso_modulo_tutor(codigo_curso, codigo_modulo, codigo_tutor) VALUES ('0004', 1, 36);
INSERT INTO curso_modulo_tutor(codigo_curso, codigo_modulo, codigo_tutor) VALUES ('0004', 4, 8);
INSERT INTO curso_modulo_tutor(codigo_curso, codigo_modulo, codigo_tutor) VALUES ('0004', 4, 36);
INSERT INTO curso_modulo_tutor(codigo_curso, codigo_modulo, codigo_tutor) VALUES ('0004', 7, 8);
INSERT INTO curso_modulo_tutor(codigo_curso, codigo_modulo, codigo_tutor) VALUES ('0004', 7, 36);
INSERT INTO curso_modulo_tutor(codigo_curso, codigo_modulo, codigo_tutor) VALUES ('0004', 15, 8);
INSERT INTO curso_modulo_tutor(codigo_curso, codigo_modulo, codigo_tutor) VALUES ('0004', 15, 36);
INSERT INTO curso_modulo_tutor(codigo_curso, codigo_modulo, codigo_tutor) VALUES ('0004', 16, 8);
INSERT INTO curso_modulo_tutor(codigo_curso, codigo_modulo, codigo_tutor) VALUES ('0004', 16, 36);
INSERT INTO curso_modulo_tutor(codigo_curso, codigo_modulo, codigo_tutor) VALUES ('0004', 17, 8);
INSERT INTO curso_modulo_tutor(codigo_curso, codigo_modulo, codigo_tutor) VALUES ('0004', 17, 36);
INSERT INTO curso_modulo_tutor(codigo_curso, codigo_modulo, codigo_tutor) VALUES ('0004', 2, 8);
INSERT INTO curso_modulo_tutor(codigo_curso, codigo_modulo, codigo_tutor) VALUES ('0004', 2, 36);
INSERT INTO curso_modulo_tutor(codigo_curso, codigo_modulo, codigo_tutor) VALUES ('0004', 3, 8);
INSERT INTO curso_modulo_tutor(codigo_curso, codigo_modulo, codigo_tutor) VALUES ('0004', 3, 36);
INSERT INTO curso_modulo_tutor(codigo_curso, codigo_modulo, codigo_tutor) VALUES ('0001', 1, 6);
INSERT INTO curso_modulo_tutor(codigo_curso, codigo_modulo, codigo_tutor) VALUES ('0001', 1, 33);
INSERT INTO curso_modulo_tutor(codigo_curso, codigo_modulo, codigo_tutor) VALUES ('0001', 4, 6);
INSERT INTO curso_modulo_tutor(codigo_curso, codigo_modulo, codigo_tutor) VALUES ('0001', 4, 33);
INSERT INTO curso_modulo_tutor(codigo_curso, codigo_modulo, codigo_tutor) VALUES ('0001', 7, 6);
INSERT INTO curso_modulo_tutor(codigo_curso, codigo_modulo, codigo_tutor) VALUES ('0001', 7, 33);
INSERT INTO curso_modulo_tutor(codigo_curso, codigo_modulo, codigo_tutor) VALUES ('0001', 15, 6);
INSERT INTO curso_modulo_tutor(codigo_curso, codigo_modulo, codigo_tutor) VALUES ('0001', 15, 33);
INSERT INTO curso_modulo_tutor(codigo_curso, codigo_modulo, codigo_tutor) VALUES ('0001', 16, 6);
INSERT INTO curso_modulo_tutor(codigo_curso, codigo_modulo, codigo_tutor) VALUES ('0001', 16, 33);
INSERT INTO curso_modulo_tutor(codigo_curso, codigo_modulo, codigo_tutor) VALUES ('0001', 17, 6);
INSERT INTO curso_modulo_tutor(codigo_curso, codigo_modulo, codigo_tutor) VALUES ('0001', 17, 33);
INSERT INTO curso_modulo_tutor(codigo_curso, codigo_modulo, codigo_tutor) VALUES ('0001', 2, 6);
INSERT INTO curso_modulo_tutor(codigo_curso, codigo_modulo, codigo_tutor) VALUES ('0001', 2, 33);
INSERT INTO curso_modulo_tutor(codigo_curso, codigo_modulo, codigo_tutor) VALUES ('0001', 3, 6);
INSERT INTO curso_modulo_tutor(codigo_curso, codigo_modulo, codigo_tutor) VALUES ('0001', 3, 33);
INSERT INTO curso_modulo_tutor(codigo_curso, codigo_modulo, codigo_tutor) VALUES ('0002', 1, 7);
INSERT INTO curso_modulo_tutor(codigo_curso, codigo_modulo, codigo_tutor) VALUES ('0002', 1, 35);
INSERT INTO curso_modulo_tutor(codigo_curso, codigo_modulo, codigo_tutor) VALUES ('0002', 4, 7);
INSERT INTO curso_modulo_tutor(codigo_curso, codigo_modulo, codigo_tutor) VALUES ('0002', 4, 35);
INSERT INTO curso_modulo_tutor(codigo_curso, codigo_modulo, codigo_tutor) VALUES ('0002', 7, 7);
INSERT INTO curso_modulo_tutor(codigo_curso, codigo_modulo, codigo_tutor) VALUES ('0002', 7, 35);
INSERT INTO curso_modulo_tutor(codigo_curso, codigo_modulo, codigo_tutor) VALUES ('0002', 15, 7);
INSERT INTO curso_modulo_tutor(codigo_curso, codigo_modulo, codigo_tutor) VALUES ('0002', 15, 35);
INSERT INTO curso_modulo_tutor(codigo_curso, codigo_modulo, codigo_tutor) VALUES ('0002', 16, 7);
INSERT INTO curso_modulo_tutor(codigo_curso, codigo_modulo, codigo_tutor) VALUES ('0002', 16, 35);
INSERT INTO curso_modulo_tutor(codigo_curso, codigo_modulo, codigo_tutor) VALUES ('0002', 17, 7);
INSERT INTO curso_modulo_tutor(codigo_curso, codigo_modulo, codigo_tutor) VALUES ('0002', 17, 35);
INSERT INTO curso_modulo_tutor(codigo_curso, codigo_modulo, codigo_tutor) VALUES ('0002', 2, 7);
INSERT INTO curso_modulo_tutor(codigo_curso, codigo_modulo, codigo_tutor) VALUES ('0002', 2, 35);
INSERT INTO curso_modulo_tutor(codigo_curso, codigo_modulo, codigo_tutor) VALUES ('0002', 3, 7);
INSERT INTO curso_modulo_tutor(codigo_curso, codigo_modulo, codigo_tutor) VALUES ('0002', 3, 35);
INSERT INTO curso_modulo_tutor(codigo_curso, codigo_modulo, codigo_tutor) VALUES ('0003', 1, 6);
INSERT INTO curso_modulo_tutor(codigo_curso, codigo_modulo, codigo_tutor) VALUES ('0003', 1, 34);
INSERT INTO curso_modulo_tutor(codigo_curso, codigo_modulo, codigo_tutor) VALUES ('0003', 4, 6);
INSERT INTO curso_modulo_tutor(codigo_curso, codigo_modulo, codigo_tutor) VALUES ('0003', 4, 34);
INSERT INTO curso_modulo_tutor(codigo_curso, codigo_modulo, codigo_tutor) VALUES ('0003', 7, 6);
INSERT INTO curso_modulo_tutor(codigo_curso, codigo_modulo, codigo_tutor) VALUES ('0003', 7, 34);
INSERT INTO curso_modulo_tutor(codigo_curso, codigo_modulo, codigo_tutor) VALUES ('0003', 15, 6);
INSERT INTO curso_modulo_tutor(codigo_curso, codigo_modulo, codigo_tutor) VALUES ('0003', 15, 34);
INSERT INTO curso_modulo_tutor(codigo_curso, codigo_modulo, codigo_tutor) VALUES ('0003', 16, 6);
INSERT INTO curso_modulo_tutor(codigo_curso, codigo_modulo, codigo_tutor) VALUES ('0003', 16, 34);
INSERT INTO curso_modulo_tutor(codigo_curso, codigo_modulo, codigo_tutor) VALUES ('0003', 17, 6);
INSERT INTO curso_modulo_tutor(codigo_curso, codigo_modulo, codigo_tutor) VALUES ('0003', 17, 34);
INSERT INTO curso_modulo_tutor(codigo_curso, codigo_modulo, codigo_tutor) VALUES ('0003', 2, 6);
INSERT INTO curso_modulo_tutor(codigo_curso, codigo_modulo, codigo_tutor) VALUES ('0003', 2, 34);
INSERT INTO curso_modulo_tutor(codigo_curso, codigo_modulo, codigo_tutor) VALUES ('0003', 3, 6);
INSERT INTO curso_modulo_tutor(codigo_curso, codigo_modulo, codigo_tutor) VALUES ('0003', 3, 34);
INSERT INTO curso_modulo_tutor(codigo_curso, codigo_modulo, codigo_tutor) VALUES ('0028', 1, 11);
INSERT INTO curso_modulo_tutor(codigo_curso, codigo_modulo, codigo_tutor) VALUES ('0028', 1, 40);
INSERT INTO curso_modulo_tutor(codigo_curso, codigo_modulo, codigo_tutor) VALUES ('0028', 4, 11);
INSERT INTO curso_modulo_tutor(codigo_curso, codigo_modulo, codigo_tutor) VALUES ('0028', 4, 40);
INSERT INTO curso_modulo_tutor(codigo_curso, codigo_modulo, codigo_tutor) VALUES ('0028', 7, 11);
INSERT INTO curso_modulo_tutor(codigo_curso, codigo_modulo, codigo_tutor) VALUES ('0028', 7, 40);
INSERT INTO curso_modulo_tutor(codigo_curso, codigo_modulo, codigo_tutor) VALUES ('0028', 15, 11);
INSERT INTO curso_modulo_tutor(codigo_curso, codigo_modulo, codigo_tutor) VALUES ('0028', 15, 40);
INSERT INTO curso_modulo_tutor(codigo_curso, codigo_modulo, codigo_tutor) VALUES ('0028', 16, 11);
INSERT INTO curso_modulo_tutor(codigo_curso, codigo_modulo, codigo_tutor) VALUES ('0028', 16, 40);
INSERT INTO curso_modulo_tutor(codigo_curso, codigo_modulo, codigo_tutor) VALUES ('0028', 17, 11);
INSERT INTO curso_modulo_tutor(codigo_curso, codigo_modulo, codigo_tutor) VALUES ('0028', 17, 40);
INSERT INTO curso_modulo_tutor(codigo_curso, codigo_modulo, codigo_tutor) VALUES ('0028', 2, 11);
INSERT INTO curso_modulo_tutor(codigo_curso, codigo_modulo, codigo_tutor) VALUES ('0028', 2, 40);
INSERT INTO curso_modulo_tutor(codigo_curso, codigo_modulo, codigo_tutor) VALUES ('0028', 3, 11);
INSERT INTO curso_modulo_tutor(codigo_curso, codigo_modulo, codigo_tutor) VALUES ('0028', 3, 40);
INSERT INTO curso_modulo_tutor(codigo_curso, codigo_modulo, codigo_tutor) VALUES ('0029', 1, 12);
INSERT INTO curso_modulo_tutor(codigo_curso, codigo_modulo, codigo_tutor) VALUES ('0029', 1, 42);
INSERT INTO curso_modulo_tutor(codigo_curso, codigo_modulo, codigo_tutor) VALUES ('0029', 4, 12);
INSERT INTO curso_modulo_tutor(codigo_curso, codigo_modulo, codigo_tutor) VALUES ('0029', 4, 42);
INSERT INTO curso_modulo_tutor(codigo_curso, codigo_modulo, codigo_tutor) VALUES ('0029', 7, 12);
INSERT INTO curso_modulo_tutor(codigo_curso, codigo_modulo, codigo_tutor) VALUES ('0029', 7, 42);
INSERT INTO curso_modulo_tutor(codigo_curso, codigo_modulo, codigo_tutor) VALUES ('0029', 15, 12);
INSERT INTO curso_modulo_tutor(codigo_curso, codigo_modulo, codigo_tutor) VALUES ('0029', 15, 42);
INSERT INTO curso_modulo_tutor(codigo_curso, codigo_modulo, codigo_tutor) VALUES ('0029', 16, 12);
INSERT INTO curso_modulo_tutor(codigo_curso, codigo_modulo, codigo_tutor) VALUES ('0029', 16, 42);
INSERT INTO curso_modulo_tutor(codigo_curso, codigo_modulo, codigo_tutor) VALUES ('0029', 17, 12);
INSERT INTO curso_modulo_tutor(codigo_curso, codigo_modulo, codigo_tutor) VALUES ('0029', 17, 42);
INSERT INTO curso_modulo_tutor(codigo_curso, codigo_modulo, codigo_tutor) VALUES ('0029', 2, 12);
INSERT INTO curso_modulo_tutor(codigo_curso, codigo_modulo, codigo_tutor) VALUES ('0029', 2, 42);
INSERT INTO curso_modulo_tutor(codigo_curso, codigo_modulo, codigo_tutor) VALUES ('0029', 3, 12);
INSERT INTO curso_modulo_tutor(codigo_curso, codigo_modulo, codigo_tutor) VALUES ('0029', 3, 42);
INSERT INTO curso_modulo_tutor(codigo_curso, codigo_modulo, codigo_tutor) VALUES ('0010', 1, 5);
INSERT INTO curso_modulo_tutor(codigo_curso, codigo_modulo, codigo_tutor) VALUES ('0010', 1, 32);
INSERT INTO curso_modulo_tutor(codigo_curso, codigo_modulo, codigo_tutor) VALUES ('0010', 4, 5);
INSERT INTO curso_modulo_tutor(codigo_curso, codigo_modulo, codigo_tutor) VALUES ('0010', 4, 32);
INSERT INTO curso_modulo_tutor(codigo_curso, codigo_modulo, codigo_tutor) VALUES ('0010', 5, 5);
INSERT INTO curso_modulo_tutor(codigo_curso, codigo_modulo, codigo_tutor) VALUES ('0010', 5, 32);
INSERT INTO curso_modulo_tutor(codigo_curso, codigo_modulo, codigo_tutor) VALUES ('0010', 6, 5);
INSERT INTO curso_modulo_tutor(codigo_curso, codigo_modulo, codigo_tutor) VALUES ('0010', 6, 32);
INSERT INTO curso_modulo_tutor(codigo_curso, codigo_modulo, codigo_tutor) VALUES ('0010', 7, 5);
INSERT INTO curso_modulo_tutor(codigo_curso, codigo_modulo, codigo_tutor) VALUES ('0010', 7, 32);
INSERT INTO curso_modulo_tutor(codigo_curso, codigo_modulo, codigo_tutor) VALUES ('0010', 8, 5);
INSERT INTO curso_modulo_tutor(codigo_curso, codigo_modulo, codigo_tutor) VALUES ('0010', 8, 32);
INSERT INTO curso_modulo_tutor(codigo_curso, codigo_modulo, codigo_tutor) VALUES ('0010', 9, 5);
INSERT INTO curso_modulo_tutor(codigo_curso, codigo_modulo, codigo_tutor) VALUES ('0010', 9, 32);
INSERT INTO curso_modulo_tutor(codigo_curso, codigo_modulo, codigo_tutor) VALUES ('0010', 2, 5);
INSERT INTO curso_modulo_tutor(codigo_curso, codigo_modulo, codigo_tutor) VALUES ('0010', 2, 32);
INSERT INTO curso_modulo_tutor(codigo_curso, codigo_modulo, codigo_tutor) VALUES ('0010', 3, 5);
INSERT INTO curso_modulo_tutor(codigo_curso, codigo_modulo, codigo_tutor) VALUES ('0010', 3, 32);
INSERT INTO curso_modulo_tutor(codigo_curso, codigo_modulo, codigo_tutor) VALUES ('0008', 1, 4);
INSERT INTO curso_modulo_tutor(codigo_curso, codigo_modulo, codigo_tutor) VALUES ('0008', 1, 31);
INSERT INTO curso_modulo_tutor(codigo_curso, codigo_modulo, codigo_tutor) VALUES ('0008', 4, 4);
INSERT INTO curso_modulo_tutor(codigo_curso, codigo_modulo, codigo_tutor) VALUES ('0008', 4, 31);
INSERT INTO curso_modulo_tutor(codigo_curso, codigo_modulo, codigo_tutor) VALUES ('0008', 5, 4);
INSERT INTO curso_modulo_tutor(codigo_curso, codigo_modulo, codigo_tutor) VALUES ('0008', 5, 31);
INSERT INTO curso_modulo_tutor(codigo_curso, codigo_modulo, codigo_tutor) VALUES ('0008', 6, 4);
INSERT INTO curso_modulo_tutor(codigo_curso, codigo_modulo, codigo_tutor) VALUES ('0008', 6, 31);
INSERT INTO curso_modulo_tutor(codigo_curso, codigo_modulo, codigo_tutor) VALUES ('0008', 7, 4);
INSERT INTO curso_modulo_tutor(codigo_curso, codigo_modulo, codigo_tutor) VALUES ('0008', 7, 31);
INSERT INTO curso_modulo_tutor(codigo_curso, codigo_modulo, codigo_tutor) VALUES ('0008', 8, 4);
INSERT INTO curso_modulo_tutor(codigo_curso, codigo_modulo, codigo_tutor) VALUES ('0008', 8, 31);
INSERT INTO curso_modulo_tutor(codigo_curso, codigo_modulo, codigo_tutor) VALUES ('0008', 9, 4);
INSERT INTO curso_modulo_tutor(codigo_curso, codigo_modulo, codigo_tutor) VALUES ('0008', 9, 31);
INSERT INTO curso_modulo_tutor(codigo_curso, codigo_modulo, codigo_tutor) VALUES ('0008', 2, 4);
INSERT INTO curso_modulo_tutor(codigo_curso, codigo_modulo, codigo_tutor) VALUES ('0008', 2, 31);
INSERT INTO curso_modulo_tutor(codigo_curso, codigo_modulo, codigo_tutor) VALUES ('0008', 3, 4);
INSERT INTO curso_modulo_tutor(codigo_curso, codigo_modulo, codigo_tutor) VALUES ('0008', 3, 31);
INSERT INTO curso_modulo_tutor(codigo_curso, codigo_modulo, codigo_tutor) VALUES ('0009', 1, 4);
INSERT INTO curso_modulo_tutor(codigo_curso, codigo_modulo, codigo_tutor) VALUES ('0009', 1, 31);
INSERT INTO curso_modulo_tutor(codigo_curso, codigo_modulo, codigo_tutor) VALUES ('0009', 4, 4);
INSERT INTO curso_modulo_tutor(codigo_curso, codigo_modulo, codigo_tutor) VALUES ('0009', 4, 31);
INSERT INTO curso_modulo_tutor(codigo_curso, codigo_modulo, codigo_tutor) VALUES ('0009', 5, 4);
INSERT INTO curso_modulo_tutor(codigo_curso, codigo_modulo, codigo_tutor) VALUES ('0009', 5, 31);
INSERT INTO curso_modulo_tutor(codigo_curso, codigo_modulo, codigo_tutor) VALUES ('0009', 6, 4);
INSERT INTO curso_modulo_tutor(codigo_curso, codigo_modulo, codigo_tutor) VALUES ('0009', 6, 31);
INSERT INTO curso_modulo_tutor(codigo_curso, codigo_modulo, codigo_tutor) VALUES ('0009', 7, 4);
INSERT INTO curso_modulo_tutor(codigo_curso, codigo_modulo, codigo_tutor) VALUES ('0009', 7, 31);
INSERT INTO curso_modulo_tutor(codigo_curso, codigo_modulo, codigo_tutor) VALUES ('0009', 8, 4);
INSERT INTO curso_modulo_tutor(codigo_curso, codigo_modulo, codigo_tutor) VALUES ('0009', 8, 31);
INSERT INTO curso_modulo_tutor(codigo_curso, codigo_modulo, codigo_tutor) VALUES ('0009', 9, 4);
INSERT INTO curso_modulo_tutor(codigo_curso, codigo_modulo, codigo_tutor) VALUES ('0009', 9, 31);
INSERT INTO curso_modulo_tutor(codigo_curso, codigo_modulo, codigo_tutor) VALUES ('0009', 2, 4);
INSERT INTO curso_modulo_tutor(codigo_curso, codigo_modulo, codigo_tutor) VALUES ('0009', 2, 31);
INSERT INTO curso_modulo_tutor(codigo_curso, codigo_modulo, codigo_tutor) VALUES ('0009', 3, 4);
INSERT INTO curso_modulo_tutor(codigo_curso, codigo_modulo, codigo_tutor) VALUES ('0009', 3, 31);
INSERT INTO curso_modulo_tutor(codigo_curso, codigo_modulo, codigo_tutor) VALUES ('0006', 1, 1);
INSERT INTO curso_modulo_tutor(codigo_curso, codigo_modulo, codigo_tutor) VALUES ('0006', 1, 28);
INSERT INTO curso_modulo_tutor(codigo_curso, codigo_modulo, codigo_tutor) VALUES ('0006', 4, 1);
INSERT INTO curso_modulo_tutor(codigo_curso, codigo_modulo, codigo_tutor) VALUES ('0006', 4, 28);
INSERT INTO curso_modulo_tutor(codigo_curso, codigo_modulo, codigo_tutor) VALUES ('0006', 10, 1);
INSERT INTO curso_modulo_tutor(codigo_curso, codigo_modulo, codigo_tutor) VALUES ('0006', 10, 28);
INSERT INTO curso_modulo_tutor(codigo_curso, codigo_modulo, codigo_tutor) VALUES ('0006', 11, 1);
INSERT INTO curso_modulo_tutor(codigo_curso, codigo_modulo, codigo_tutor) VALUES ('0006', 11, 28);
INSERT INTO curso_modulo_tutor(codigo_curso, codigo_modulo, codigo_tutor) VALUES ('0006', 7, 1);
INSERT INTO curso_modulo_tutor(codigo_curso, codigo_modulo, codigo_tutor) VALUES ('0006', 7, 28);
INSERT INTO curso_modulo_tutor(codigo_curso, codigo_modulo, codigo_tutor) VALUES ('0006', 12, 1);
INSERT INTO curso_modulo_tutor(codigo_curso, codigo_modulo, codigo_tutor) VALUES ('0006', 12, 28);
INSERT INTO curso_modulo_tutor(codigo_curso, codigo_modulo, codigo_tutor) VALUES ('0006', 13, 1);
INSERT INTO curso_modulo_tutor(codigo_curso, codigo_modulo, codigo_tutor) VALUES ('0006', 13, 28);
INSERT INTO curso_modulo_tutor(codigo_curso, codigo_modulo, codigo_tutor) VALUES ('0006', 14, 1);
INSERT INTO curso_modulo_tutor(codigo_curso, codigo_modulo, codigo_tutor) VALUES ('0006', 14, 28);
INSERT INTO curso_modulo_tutor(codigo_curso, codigo_modulo, codigo_tutor) VALUES ('0006', 2, 1);
INSERT INTO curso_modulo_tutor(codigo_curso, codigo_modulo, codigo_tutor) VALUES ('0006', 2, 28);
INSERT INTO curso_modulo_tutor(codigo_curso, codigo_modulo, codigo_tutor) VALUES ('0006', 3, 1);
INSERT INTO curso_modulo_tutor(codigo_curso, codigo_modulo, codigo_tutor) VALUES ('0006', 3, 28);
INSERT INTO curso_modulo_tutor(codigo_curso, codigo_modulo, codigo_tutor) VALUES ('0005', 1, 3);
INSERT INTO curso_modulo_tutor(codigo_curso, codigo_modulo, codigo_tutor) VALUES ('0005', 1, 30);
INSERT INTO curso_modulo_tutor(codigo_curso, codigo_modulo, codigo_tutor) VALUES ('0005', 4, 3);
INSERT INTO curso_modulo_tutor(codigo_curso, codigo_modulo, codigo_tutor) VALUES ('0005', 4, 30);
INSERT INTO curso_modulo_tutor(codigo_curso, codigo_modulo, codigo_tutor) VALUES ('0005', 10, 3);
INSERT INTO curso_modulo_tutor(codigo_curso, codigo_modulo, codigo_tutor) VALUES ('0005', 10, 30);
INSERT INTO curso_modulo_tutor(codigo_curso, codigo_modulo, codigo_tutor) VALUES ('0005', 11, 3);
INSERT INTO curso_modulo_tutor(codigo_curso, codigo_modulo, codigo_tutor) VALUES ('0005', 11, 30);
INSERT INTO curso_modulo_tutor(codigo_curso, codigo_modulo, codigo_tutor) VALUES ('0005', 7, 3);
INSERT INTO curso_modulo_tutor(codigo_curso, codigo_modulo, codigo_tutor) VALUES ('0005', 7, 30);
INSERT INTO curso_modulo_tutor(codigo_curso, codigo_modulo, codigo_tutor) VALUES ('0005', 12, 3);
INSERT INTO curso_modulo_tutor(codigo_curso, codigo_modulo, codigo_tutor) VALUES ('0005', 12, 30);
INSERT INTO curso_modulo_tutor(codigo_curso, codigo_modulo, codigo_tutor) VALUES ('0005', 13, 3);
INSERT INTO curso_modulo_tutor(codigo_curso, codigo_modulo, codigo_tutor) VALUES ('0005', 13, 30);
INSERT INTO curso_modulo_tutor(codigo_curso, codigo_modulo, codigo_tutor) VALUES ('0005', 14, 3);
INSERT INTO curso_modulo_tutor(codigo_curso, codigo_modulo, codigo_tutor) VALUES ('0005', 14, 30);
INSERT INTO curso_modulo_tutor(codigo_curso, codigo_modulo, codigo_tutor) VALUES ('0005', 2, 3);
INSERT INTO curso_modulo_tutor(codigo_curso, codigo_modulo, codigo_tutor) VALUES ('0005', 2, 30);
INSERT INTO curso_modulo_tutor(codigo_curso, codigo_modulo, codigo_tutor) VALUES ('0005', 3, 3);
INSERT INTO curso_modulo_tutor(codigo_curso, codigo_modulo, codigo_tutor) VALUES ('0005', 3, 30);
INSERT INTO curso_modulo_tutor(codigo_curso, codigo_modulo, codigo_tutor) VALUES ('0007', 1, 2);
INSERT INTO curso_modulo_tutor(codigo_curso, codigo_modulo, codigo_tutor) VALUES ('0007', 1, 29);
INSERT INTO curso_modulo_tutor(codigo_curso, codigo_modulo, codigo_tutor) VALUES ('0007', 4, 2);
INSERT INTO curso_modulo_tutor(codigo_curso, codigo_modulo, codigo_tutor) VALUES ('0007', 4, 29);
INSERT INTO curso_modulo_tutor(codigo_curso, codigo_modulo, codigo_tutor) VALUES ('0007', 10, 2);
INSERT INTO curso_modulo_tutor(codigo_curso, codigo_modulo, codigo_tutor) VALUES ('0007', 10, 29);
INSERT INTO curso_modulo_tutor(codigo_curso, codigo_modulo, codigo_tutor) VALUES ('0007', 11, 2);
INSERT INTO curso_modulo_tutor(codigo_curso, codigo_modulo, codigo_tutor) VALUES ('0007', 11, 29);
INSERT INTO curso_modulo_tutor(codigo_curso, codigo_modulo, codigo_tutor) VALUES ('0007', 7, 2);
INSERT INTO curso_modulo_tutor(codigo_curso, codigo_modulo, codigo_tutor) VALUES ('0007', 7, 29);
INSERT INTO curso_modulo_tutor(codigo_curso, codigo_modulo, codigo_tutor) VALUES ('0007', 12, 2);
INSERT INTO curso_modulo_tutor(codigo_curso, codigo_modulo, codigo_tutor) VALUES ('0007', 12, 29);
INSERT INTO curso_modulo_tutor(codigo_curso, codigo_modulo, codigo_tutor) VALUES ('0007', 13, 2);
INSERT INTO curso_modulo_tutor(codigo_curso, codigo_modulo, codigo_tutor) VALUES ('0007', 13, 29);
INSERT INTO curso_modulo_tutor(codigo_curso, codigo_modulo, codigo_tutor) VALUES ('0007', 14, 2);
INSERT INTO curso_modulo_tutor(codigo_curso, codigo_modulo, codigo_tutor) VALUES ('0007', 14, 29);
INSERT INTO curso_modulo_tutor(codigo_curso, codigo_modulo, codigo_tutor) VALUES ('0007', 2, 2);
INSERT INTO curso_modulo_tutor(codigo_curso, codigo_modulo, codigo_tutor) VALUES ('0007', 2, 29);
INSERT INTO curso_modulo_tutor(codigo_curso, codigo_modulo, codigo_tutor) VALUES ('0007', 3, 2);
INSERT INTO curso_modulo_tutor(codigo_curso, codigo_modulo, codigo_tutor) VALUES ('0007', 3, 29);
INSERT INTO curso_modulo_tutor(codigo_curso, codigo_modulo, codigo_tutor) VALUES ('0012', 1, 10);
INSERT INTO curso_modulo_tutor(codigo_curso, codigo_modulo, codigo_tutor) VALUES ('0012', 1, 39);
INSERT INTO curso_modulo_tutor(codigo_curso, codigo_modulo, codigo_tutor) VALUES ('0012', 4, 10);
INSERT INTO curso_modulo_tutor(codigo_curso, codigo_modulo, codigo_tutor) VALUES ('0012', 4, 39);
INSERT INTO curso_modulo_tutor(codigo_curso, codigo_modulo, codigo_tutor) VALUES ('0012', 18, 10);
INSERT INTO curso_modulo_tutor(codigo_curso, codigo_modulo, codigo_tutor) VALUES ('0012', 18, 39);
INSERT INTO curso_modulo_tutor(codigo_curso, codigo_modulo, codigo_tutor) VALUES ('0012', 10, 10);
INSERT INTO curso_modulo_tutor(codigo_curso, codigo_modulo, codigo_tutor) VALUES ('0012', 10, 39);
INSERT INTO curso_modulo_tutor(codigo_curso, codigo_modulo, codigo_tutor) VALUES ('0012', 11, 10);
INSERT INTO curso_modulo_tutor(codigo_curso, codigo_modulo, codigo_tutor) VALUES ('0012', 11, 39);
INSERT INTO curso_modulo_tutor(codigo_curso, codigo_modulo, codigo_tutor) VALUES ('0012', 19, 10);
INSERT INTO curso_modulo_tutor(codigo_curso, codigo_modulo, codigo_tutor) VALUES ('0012', 19, 39);
INSERT INTO curso_modulo_tutor(codigo_curso, codigo_modulo, codigo_tutor) VALUES ('0012', 20, 10);
INSERT INTO curso_modulo_tutor(codigo_curso, codigo_modulo, codigo_tutor) VALUES ('0012', 20, 39);
INSERT INTO curso_modulo_tutor(codigo_curso, codigo_modulo, codigo_tutor) VALUES ('0012', 2, 10);
INSERT INTO curso_modulo_tutor(codigo_curso, codigo_modulo, codigo_tutor) VALUES ('0012', 2, 39);
INSERT INTO curso_modulo_tutor(codigo_curso, codigo_modulo, codigo_tutor) VALUES ('0012', 3, 10);
INSERT INTO curso_modulo_tutor(codigo_curso, codigo_modulo, codigo_tutor) VALUES ('0012', 3, 39);
INSERT INTO curso_modulo_tutor(codigo_curso, codigo_modulo, codigo_tutor) VALUES ('0013', 1, 9);
INSERT INTO curso_modulo_tutor(codigo_curso, codigo_modulo, codigo_tutor) VALUES ('0013', 1, 37);
INSERT INTO curso_modulo_tutor(codigo_curso, codigo_modulo, codigo_tutor) VALUES ('0013', 4, 9);
INSERT INTO curso_modulo_tutor(codigo_curso, codigo_modulo, codigo_tutor) VALUES ('0013', 4, 37);
INSERT INTO curso_modulo_tutor(codigo_curso, codigo_modulo, codigo_tutor) VALUES ('0013', 18, 9);
INSERT INTO curso_modulo_tutor(codigo_curso, codigo_modulo, codigo_tutor) VALUES ('0013', 18, 37);
INSERT INTO curso_modulo_tutor(codigo_curso, codigo_modulo, codigo_tutor) VALUES ('0013', 10, 9);
INSERT INTO curso_modulo_tutor(codigo_curso, codigo_modulo, codigo_tutor) VALUES ('0013', 10, 37);
INSERT INTO curso_modulo_tutor(codigo_curso, codigo_modulo, codigo_tutor) VALUES ('0013', 11, 9);
INSERT INTO curso_modulo_tutor(codigo_curso, codigo_modulo, codigo_tutor) VALUES ('0013', 11, 37);
INSERT INTO curso_modulo_tutor(codigo_curso, codigo_modulo, codigo_tutor) VALUES ('0013', 19, 9);
INSERT INTO curso_modulo_tutor(codigo_curso, codigo_modulo, codigo_tutor) VALUES ('0013', 19, 37);
INSERT INTO curso_modulo_tutor(codigo_curso, codigo_modulo, codigo_tutor) VALUES ('0013', 20, 9);
INSERT INTO curso_modulo_tutor(codigo_curso, codigo_modulo, codigo_tutor) VALUES ('0013', 20, 37);
INSERT INTO curso_modulo_tutor(codigo_curso, codigo_modulo, codigo_tutor) VALUES ('0013', 2, 9);
INSERT INTO curso_modulo_tutor(codigo_curso, codigo_modulo, codigo_tutor) VALUES ('0013', 2, 37);
INSERT INTO curso_modulo_tutor(codigo_curso, codigo_modulo, codigo_tutor) VALUES ('0013', 3, 9);
INSERT INTO curso_modulo_tutor(codigo_curso, codigo_modulo, codigo_tutor) VALUES ('0013', 3, 37);
INSERT INTO curso_modulo_tutor(codigo_curso, codigo_modulo, codigo_tutor) VALUES ('0027', 1, 9);
INSERT INTO curso_modulo_tutor(codigo_curso, codigo_modulo, codigo_tutor) VALUES ('0027', 1, 38);
INSERT INTO curso_modulo_tutor(codigo_curso, codigo_modulo, codigo_tutor) VALUES ('0027', 4, 9);
INSERT INTO curso_modulo_tutor(codigo_curso, codigo_modulo, codigo_tutor) VALUES ('0027', 4, 38);
INSERT INTO curso_modulo_tutor(codigo_curso, codigo_modulo, codigo_tutor) VALUES ('0027', 18, 9);
INSERT INTO curso_modulo_tutor(codigo_curso, codigo_modulo, codigo_tutor) VALUES ('0027', 18, 38);
INSERT INTO curso_modulo_tutor(codigo_curso, codigo_modulo, codigo_tutor) VALUES ('0027', 10, 9);
INSERT INTO curso_modulo_tutor(codigo_curso, codigo_modulo, codigo_tutor) VALUES ('0027', 10, 38);
INSERT INTO curso_modulo_tutor(codigo_curso, codigo_modulo, codigo_tutor) VALUES ('0027', 11, 9);
INSERT INTO curso_modulo_tutor(codigo_curso, codigo_modulo, codigo_tutor) VALUES ('0027', 11, 38);
INSERT INTO curso_modulo_tutor(codigo_curso, codigo_modulo, codigo_tutor) VALUES ('0027', 19, 9);
INSERT INTO curso_modulo_tutor(codigo_curso, codigo_modulo, codigo_tutor) VALUES ('0027', 19, 38);
INSERT INTO curso_modulo_tutor(codigo_curso, codigo_modulo, codigo_tutor) VALUES ('0027', 20, 9);
INSERT INTO curso_modulo_tutor(codigo_curso, codigo_modulo, codigo_tutor) VALUES ('0027', 20, 38);
INSERT INTO curso_modulo_tutor(codigo_curso, codigo_modulo, codigo_tutor) VALUES ('0027', 2, 9);
INSERT INTO curso_modulo_tutor(codigo_curso, codigo_modulo, codigo_tutor) VALUES ('0027', 2, 38);
INSERT INTO curso_modulo_tutor(codigo_curso, codigo_modulo, codigo_tutor) VALUES ('0027', 3, 9);
INSERT INTO curso_modulo_tutor(codigo_curso, codigo_modulo, codigo_tutor) VALUES ('0027', 3, 38);
INSERT INTO curso_modulo_tutor(codigo_curso, codigo_modulo, codigo_tutor) VALUES ('0031', 21, 13);
INSERT INTO curso_modulo_tutor(codigo_curso, codigo_modulo, codigo_tutor) VALUES ('0031', 21, 43);
INSERT INTO curso_modulo_tutor(codigo_curso, codigo_modulo, codigo_tutor) VALUES ('0031', 22, 14);
INSERT INTO curso_modulo_tutor(codigo_curso, codigo_modulo, codigo_tutor) VALUES ('0031', 22, 43);
INSERT INTO curso_modulo_tutor(codigo_curso, codigo_modulo, codigo_tutor) VALUES ('0031', 23, 13);
INSERT INTO curso_modulo_tutor(codigo_curso, codigo_modulo, codigo_tutor) VALUES ('0031', 23, 43);
INSERT INTO curso_modulo_tutor(codigo_curso, codigo_modulo, codigo_tutor) VALUES ('0031', 24, 14);
INSERT INTO curso_modulo_tutor(codigo_curso, codigo_modulo, codigo_tutor) VALUES ('0031', 24, 43);
INSERT INTO curso_modulo_tutor(codigo_curso, codigo_modulo, codigo_tutor) VALUES ('0031', 25, 15);
INSERT INTO curso_modulo_tutor(codigo_curso, codigo_modulo, codigo_tutor) VALUES ('0031', 25, 43);
INSERT INTO curso_modulo_tutor(codigo_curso, codigo_modulo, codigo_tutor) VALUES ('0031', 26, 15);
INSERT INTO curso_modulo_tutor(codigo_curso, codigo_modulo, codigo_tutor) VALUES ('0031', 26, 43);
INSERT INTO curso_modulo_tutor(codigo_curso, codigo_modulo, codigo_tutor) VALUES ('0031', 27, 15);
INSERT INTO curso_modulo_tutor(codigo_curso, codigo_modulo, codigo_tutor) VALUES ('0031', 27, 43);
INSERT INTO curso_modulo_tutor(codigo_curso, codigo_modulo, codigo_tutor) VALUES ('0031', 28, 15);
INSERT INTO curso_modulo_tutor(codigo_curso, codigo_modulo, codigo_tutor) VALUES ('0031', 28, 43);
INSERT INTO curso_modulo_tutor(codigo_curso, codigo_modulo, codigo_tutor) VALUES ('0031', 29, 15);
INSERT INTO curso_modulo_tutor(codigo_curso, codigo_modulo, codigo_tutor) VALUES ('0031', 29, 43);
INSERT INTO curso_modulo_tutor(codigo_curso, codigo_modulo, codigo_tutor) VALUES ('0031', 30, 13);
INSERT INTO curso_modulo_tutor(codigo_curso, codigo_modulo, codigo_tutor) VALUES ('0031', 30, 43);
INSERT INTO curso_modulo_tutor(codigo_curso, codigo_modulo, codigo_tutor) VALUES ('0031', 31, 15);
INSERT INTO curso_modulo_tutor(codigo_curso, codigo_modulo, codigo_tutor) VALUES ('0031', 31, 43);
INSERT INTO curso_modulo_tutor(codigo_curso, codigo_modulo, codigo_tutor) VALUES ('0032', 21, 13);
INSERT INTO curso_modulo_tutor(codigo_curso, codigo_modulo, codigo_tutor) VALUES ('0032', 21, 44);
INSERT INTO curso_modulo_tutor(codigo_curso, codigo_modulo, codigo_tutor) VALUES ('0032', 22, 14);
INSERT INTO curso_modulo_tutor(codigo_curso, codigo_modulo, codigo_tutor) VALUES ('0032', 22, 44);
INSERT INTO curso_modulo_tutor(codigo_curso, codigo_modulo, codigo_tutor) VALUES ('0032', 23, 13);
INSERT INTO curso_modulo_tutor(codigo_curso, codigo_modulo, codigo_tutor) VALUES ('0032', 23, 44);
INSERT INTO curso_modulo_tutor(codigo_curso, codigo_modulo, codigo_tutor) VALUES ('0032', 24, 14);
INSERT INTO curso_modulo_tutor(codigo_curso, codigo_modulo, codigo_tutor) VALUES ('0032', 24, 44);
INSERT INTO curso_modulo_tutor(codigo_curso, codigo_modulo, codigo_tutor) VALUES ('0032', 25, 16);
INSERT INTO curso_modulo_tutor(codigo_curso, codigo_modulo, codigo_tutor) VALUES ('0032', 25, 44);
INSERT INTO curso_modulo_tutor(codigo_curso, codigo_modulo, codigo_tutor) VALUES ('0032', 26, 16);
INSERT INTO curso_modulo_tutor(codigo_curso, codigo_modulo, codigo_tutor) VALUES ('0032', 26, 44);
INSERT INTO curso_modulo_tutor(codigo_curso, codigo_modulo, codigo_tutor) VALUES ('0032', 27, 16);
INSERT INTO curso_modulo_tutor(codigo_curso, codigo_modulo, codigo_tutor) VALUES ('0032', 27, 44);
INSERT INTO curso_modulo_tutor(codigo_curso, codigo_modulo, codigo_tutor) VALUES ('0032', 28, 16);
INSERT INTO curso_modulo_tutor(codigo_curso, codigo_modulo, codigo_tutor) VALUES ('0032', 28, 44);
INSERT INTO curso_modulo_tutor(codigo_curso, codigo_modulo, codigo_tutor) VALUES ('0032', 29, 16);
INSERT INTO curso_modulo_tutor(codigo_curso, codigo_modulo, codigo_tutor) VALUES ('0032', 29, 44);
INSERT INTO curso_modulo_tutor(codigo_curso, codigo_modulo, codigo_tutor) VALUES ('0032', 30, 13);
INSERT INTO curso_modulo_tutor(codigo_curso, codigo_modulo, codigo_tutor) VALUES ('0032', 30, 44);
INSERT INTO curso_modulo_tutor(codigo_curso, codigo_modulo, codigo_tutor) VALUES ('0032', 31, 16);
INSERT INTO curso_modulo_tutor(codigo_curso, codigo_modulo, codigo_tutor) VALUES ('0032', 31, 44);
INSERT INTO curso_modulo_tutor(codigo_curso, codigo_modulo, codigo_tutor) VALUES ('0044', 21, 17);
INSERT INTO curso_modulo_tutor(codigo_curso, codigo_modulo, codigo_tutor) VALUES ('0044', 21, 45);
INSERT INTO curso_modulo_tutor(codigo_curso, codigo_modulo, codigo_tutor) VALUES ('0044', 22, 18);
INSERT INTO curso_modulo_tutor(codigo_curso, codigo_modulo, codigo_tutor) VALUES ('0044', 22, 45);
INSERT INTO curso_modulo_tutor(codigo_curso, codigo_modulo, codigo_tutor) VALUES ('0044', 23, 17);
INSERT INTO curso_modulo_tutor(codigo_curso, codigo_modulo, codigo_tutor) VALUES ('0044', 23, 45);
INSERT INTO curso_modulo_tutor(codigo_curso, codigo_modulo, codigo_tutor) VALUES ('0044', 24, 18);
INSERT INTO curso_modulo_tutor(codigo_curso, codigo_modulo, codigo_tutor) VALUES ('0044', 24, 45);
INSERT INTO curso_modulo_tutor(codigo_curso, codigo_modulo, codigo_tutor) VALUES ('0044', 25, 20);
INSERT INTO curso_modulo_tutor(codigo_curso, codigo_modulo, codigo_tutor) VALUES ('0044', 25, 45);
INSERT INTO curso_modulo_tutor(codigo_curso, codigo_modulo, codigo_tutor) VALUES ('0044', 26, 20);
INSERT INTO curso_modulo_tutor(codigo_curso, codigo_modulo, codigo_tutor) VALUES ('0044', 26, 45);
INSERT INTO curso_modulo_tutor(codigo_curso, codigo_modulo, codigo_tutor) VALUES ('0044', 27, 20);
INSERT INTO curso_modulo_tutor(codigo_curso, codigo_modulo, codigo_tutor) VALUES ('0044', 27, 45);
INSERT INTO curso_modulo_tutor(codigo_curso, codigo_modulo, codigo_tutor) VALUES ('0044', 28, 20);
INSERT INTO curso_modulo_tutor(codigo_curso, codigo_modulo, codigo_tutor) VALUES ('0044', 28, 45);
INSERT INTO curso_modulo_tutor(codigo_curso, codigo_modulo, codigo_tutor) VALUES ('0044', 29, 20);
INSERT INTO curso_modulo_tutor(codigo_curso, codigo_modulo, codigo_tutor) VALUES ('0044', 29, 45);
INSERT INTO curso_modulo_tutor(codigo_curso, codigo_modulo, codigo_tutor) VALUES ('0044', 30, 19);
INSERT INTO curso_modulo_tutor(codigo_curso, codigo_modulo, codigo_tutor) VALUES ('0044', 30, 45);
INSERT INTO curso_modulo_tutor(codigo_curso, codigo_modulo, codigo_tutor) VALUES ('0044', 31, 20);
INSERT INTO curso_modulo_tutor(codigo_curso, codigo_modulo, codigo_tutor) VALUES ('0044', 31, 45);
INSERT INTO curso_modulo_tutor(codigo_curso, codigo_modulo, codigo_tutor) VALUES ('0045', 21, 21);
INSERT INTO curso_modulo_tutor(codigo_curso, codigo_modulo, codigo_tutor) VALUES ('0045', 21, 46);
INSERT INTO curso_modulo_tutor(codigo_curso, codigo_modulo, codigo_tutor) VALUES ('0045', 22, 18);
INSERT INTO curso_modulo_tutor(codigo_curso, codigo_modulo, codigo_tutor) VALUES ('0045', 22, 46);
INSERT INTO curso_modulo_tutor(codigo_curso, codigo_modulo, codigo_tutor) VALUES ('0045', 23, 21);
INSERT INTO curso_modulo_tutor(codigo_curso, codigo_modulo, codigo_tutor) VALUES ('0045', 23, 46);
INSERT INTO curso_modulo_tutor(codigo_curso, codigo_modulo, codigo_tutor) VALUES ('0045', 24, 18);
INSERT INTO curso_modulo_tutor(codigo_curso, codigo_modulo, codigo_tutor) VALUES ('0045', 24, 46);
INSERT INTO curso_modulo_tutor(codigo_curso, codigo_modulo, codigo_tutor) VALUES ('0045', 25, 4);
INSERT INTO curso_modulo_tutor(codigo_curso, codigo_modulo, codigo_tutor) VALUES ('0045', 25, 46);
INSERT INTO curso_modulo_tutor(codigo_curso, codigo_modulo, codigo_tutor) VALUES ('0045', 26, 4);
INSERT INTO curso_modulo_tutor(codigo_curso, codigo_modulo, codigo_tutor) VALUES ('0045', 26, 46);
INSERT INTO curso_modulo_tutor(codigo_curso, codigo_modulo, codigo_tutor) VALUES ('0045', 27, 4);
INSERT INTO curso_modulo_tutor(codigo_curso, codigo_modulo, codigo_tutor) VALUES ('0045', 27, 46);
INSERT INTO curso_modulo_tutor(codigo_curso, codigo_modulo, codigo_tutor) VALUES ('0045', 28, 4);
INSERT INTO curso_modulo_tutor(codigo_curso, codigo_modulo, codigo_tutor) VALUES ('0045', 28, 46);
INSERT INTO curso_modulo_tutor(codigo_curso, codigo_modulo, codigo_tutor) VALUES ('0045', 29, 4);
INSERT INTO curso_modulo_tutor(codigo_curso, codigo_modulo, codigo_tutor) VALUES ('0045', 29, 46);
INSERT INTO curso_modulo_tutor(codigo_curso, codigo_modulo, codigo_tutor) VALUES ('0045', 30, 13);
INSERT INTO curso_modulo_tutor(codigo_curso, codigo_modulo, codigo_tutor) VALUES ('0045', 30, 46);
INSERT INTO curso_modulo_tutor(codigo_curso, codigo_modulo, codigo_tutor) VALUES ('0045', 31, 4);
INSERT INTO curso_modulo_tutor(codigo_curso, codigo_modulo, codigo_tutor) VALUES ('0045', 31, 46);
INSERT INTO curso_modulo_tutor(codigo_curso, codigo_modulo, codigo_tutor) VALUES ('0046', 21, 21);
INSERT INTO curso_modulo_tutor(codigo_curso, codigo_modulo, codigo_tutor) VALUES ('0046', 21, 46);
INSERT INTO curso_modulo_tutor(codigo_curso, codigo_modulo, codigo_tutor) VALUES ('0046', 22, 22);
INSERT INTO curso_modulo_tutor(codigo_curso, codigo_modulo, codigo_tutor) VALUES ('0046', 22, 46);
INSERT INTO curso_modulo_tutor(codigo_curso, codigo_modulo, codigo_tutor) VALUES ('0046', 23, 21);
INSERT INTO curso_modulo_tutor(codigo_curso, codigo_modulo, codigo_tutor) VALUES ('0046', 23, 46);
INSERT INTO curso_modulo_tutor(codigo_curso, codigo_modulo, codigo_tutor) VALUES ('0046', 24, 22);
INSERT INTO curso_modulo_tutor(codigo_curso, codigo_modulo, codigo_tutor) VALUES ('0046', 24, 46);
INSERT INTO curso_modulo_tutor(codigo_curso, codigo_modulo, codigo_tutor) VALUES ('0046', 25, 23);
INSERT INTO curso_modulo_tutor(codigo_curso, codigo_modulo, codigo_tutor) VALUES ('0046', 25, 46);
INSERT INTO curso_modulo_tutor(codigo_curso, codigo_modulo, codigo_tutor) VALUES ('0046', 26, 23);
INSERT INTO curso_modulo_tutor(codigo_curso, codigo_modulo, codigo_tutor) VALUES ('0046', 26, 46);
INSERT INTO curso_modulo_tutor(codigo_curso, codigo_modulo, codigo_tutor) VALUES ('0046', 27, 23);
INSERT INTO curso_modulo_tutor(codigo_curso, codigo_modulo, codigo_tutor) VALUES ('0046', 27, 46);
INSERT INTO curso_modulo_tutor(codigo_curso, codigo_modulo, codigo_tutor) VALUES ('0046', 28, 23);
INSERT INTO curso_modulo_tutor(codigo_curso, codigo_modulo, codigo_tutor) VALUES ('0046', 28, 46);
INSERT INTO curso_modulo_tutor(codigo_curso, codigo_modulo, codigo_tutor) VALUES ('0046', 29, 23);
INSERT INTO curso_modulo_tutor(codigo_curso, codigo_modulo, codigo_tutor) VALUES ('0046', 29, 46);
INSERT INTO curso_modulo_tutor(codigo_curso, codigo_modulo, codigo_tutor) VALUES ('0046', 30, 13);
INSERT INTO curso_modulo_tutor(codigo_curso, codigo_modulo, codigo_tutor) VALUES ('0046', 30, 46);
INSERT INTO curso_modulo_tutor(codigo_curso, codigo_modulo, codigo_tutor) VALUES ('0046', 31, 23);
INSERT INTO curso_modulo_tutor(codigo_curso, codigo_modulo, codigo_tutor) VALUES ('0046', 31, 46);
INSERT INTO curso_modulo_tutor(codigo_curso, codigo_modulo, codigo_tutor) VALUES ('0047', 21, 24);
INSERT INTO curso_modulo_tutor(codigo_curso, codigo_modulo, codigo_tutor) VALUES ('0047', 21, 47);
INSERT INTO curso_modulo_tutor(codigo_curso, codigo_modulo, codigo_tutor) VALUES ('0047', 22, 25);
INSERT INTO curso_modulo_tutor(codigo_curso, codigo_modulo, codigo_tutor) VALUES ('0047', 22, 47);
INSERT INTO curso_modulo_tutor(codigo_curso, codigo_modulo, codigo_tutor) VALUES ('0047', 23, 24);
INSERT INTO curso_modulo_tutor(codigo_curso, codigo_modulo, codigo_tutor) VALUES ('0047', 23, 47);
INSERT INTO curso_modulo_tutor(codigo_curso, codigo_modulo, codigo_tutor) VALUES ('0047', 24, 26);
INSERT INTO curso_modulo_tutor(codigo_curso, codigo_modulo, codigo_tutor) VALUES ('0047', 24, 47);
INSERT INTO curso_modulo_tutor(codigo_curso, codigo_modulo, codigo_tutor) VALUES ('0047', 25, 27);
INSERT INTO curso_modulo_tutor(codigo_curso, codigo_modulo, codigo_tutor) VALUES ('0047', 25, 47);
INSERT INTO curso_modulo_tutor(codigo_curso, codigo_modulo, codigo_tutor) VALUES ('0047', 26, 27);
INSERT INTO curso_modulo_tutor(codigo_curso, codigo_modulo, codigo_tutor) VALUES ('0047', 26, 47);
INSERT INTO curso_modulo_tutor(codigo_curso, codigo_modulo, codigo_tutor) VALUES ('0047', 27, 27);
INSERT INTO curso_modulo_tutor(codigo_curso, codigo_modulo, codigo_tutor) VALUES ('0047', 27, 47);
INSERT INTO curso_modulo_tutor(codigo_curso, codigo_modulo, codigo_tutor) VALUES ('0047', 28, 27);
INSERT INTO curso_modulo_tutor(codigo_curso, codigo_modulo, codigo_tutor) VALUES ('0047', 28, 47);
INSERT INTO curso_modulo_tutor(codigo_curso, codigo_modulo, codigo_tutor) VALUES ('0047', 29, 27);
INSERT INTO curso_modulo_tutor(codigo_curso, codigo_modulo, codigo_tutor) VALUES ('0047', 29, 47);
INSERT INTO curso_modulo_tutor(codigo_curso, codigo_modulo, codigo_tutor) VALUES ('0047', 30, 13);
INSERT INTO curso_modulo_tutor(codigo_curso, codigo_modulo, codigo_tutor) VALUES ('0047', 30, 47);
INSERT INTO curso_modulo_tutor(codigo_curso, codigo_modulo, codigo_tutor) VALUES ('0047', 31, 27);
INSERT INTO curso_modulo_tutor(codigo_curso, codigo_modulo, codigo_tutor) VALUES ('0047', 31, 47);

CREATE TABLE Estudiante(
	id_estudiante INT,
	rut VARCHAR(15),
	nombre VARCHAR(30),
	apellido_pat VARCHAR(30),
	apellido_mat VARCHAR(30),
	direccion VARCHAR(100),
	codigo_comuna INT,
	codigo_curso VARCHAR(30),
	CONSTRAINT pk_estudiante PRIMARY KEY (id_estudiante),
	CONSTRAINT fk_estudiante_comuna FOREIGN KEY (codigo_comuna) REFERENCES comuna(codigo_comuna),
	CONSTRAINT fk_estudiante_curso FOREIGN KEY (codigo_curso) REFERENCES curso(codigo_curso)
);

INSERT INTO estudiante(id_estudiante, rut, nombre, apellido_pat, apellido_mat, direccion, codigo_comuna, codigo_curso) VALUES (1, '18000000-0', 'nombre_estudiante0', 'apellido_paterno0', 'apellido_materno0', 'direccion0', 196, '0004');
INSERT INTO estudiante(id_estudiante, rut, nombre, apellido_pat, apellido_mat, direccion, codigo_comuna, codigo_curso) VALUES (2, '18000001-1', 'nombre_estudiante1', 'apellido_paterno1', 'apellido_materno1', 'direccion1', 238, '0004');
INSERT INTO estudiante(id_estudiante, rut, nombre, apellido_pat, apellido_mat, direccion, codigo_comuna, codigo_curso) VALUES (3, '18000002-2', 'nombre_estudiante2', 'apellido_paterno2', 'apellido_materno2', 'direccion2', 188, '0004');
INSERT INTO estudiante(id_estudiante, rut, nombre, apellido_pat, apellido_mat, direccion, codigo_comuna, codigo_curso) VALUES (4, '18000003-3', 'nombre_estudiante3', 'apellido_paterno3', 'apellido_materno3', 'direccion3', 81, '0004');
INSERT INTO estudiante(id_estudiante, rut, nombre, apellido_pat, apellido_mat, direccion, codigo_comuna, codigo_curso) VALUES (5, '18000004-4', 'nombre_estudiante4', 'apellido_paterno4', 'apellido_materno4', 'direccion4', 116, '0004');
INSERT INTO estudiante(id_estudiante, rut, nombre, apellido_pat, apellido_mat, direccion, codigo_comuna, codigo_curso) VALUES (6, '18000005-5', 'nombre_estudiante5', 'apellido_paterno5', 'apellido_materno5', 'direccion5', 11, '0004');
INSERT INTO estudiante(id_estudiante, rut, nombre, apellido_pat, apellido_mat, direccion, codigo_comuna, codigo_curso) VALUES (7, '18000006-6', 'nombre_estudiante6', 'apellido_paterno6', 'apellido_materno6', 'direccion6', 337, '0004');
INSERT INTO estudiante(id_estudiante, rut, nombre, apellido_pat, apellido_mat, direccion, codigo_comuna, codigo_curso) VALUES (8, '18000007-7', 'nombre_estudiante7', 'apellido_paterno7', 'apellido_materno7', 'direccion7', 266, '0004');
INSERT INTO estudiante(id_estudiante, rut, nombre, apellido_pat, apellido_mat, direccion, codigo_comuna, codigo_curso) VALUES (9, '18000008-8', 'nombre_estudiante8', 'apellido_paterno8', 'apellido_materno8', 'direccion8', 86, '0004');
INSERT INTO estudiante(id_estudiante, rut, nombre, apellido_pat, apellido_mat, direccion, codigo_comuna, codigo_curso) VALUES (10, '18000009-9', 'nombre_estudiante9', 'apellido_paterno9', 'apellido_materno9', 'direccion9', 135, '0004');
INSERT INTO estudiante(id_estudiante, rut, nombre, apellido_pat, apellido_mat, direccion, codigo_comuna, codigo_curso) VALUES (11, '18000010-0', 'nombre_estudiante10', 'apellido_paterno10', 'apellido_materno10', 'direccion10', 66, '0004');
INSERT INTO estudiante(id_estudiante, rut, nombre, apellido_pat, apellido_mat, direccion, codigo_comuna, codigo_curso) VALUES (12, '18000011-1', 'nombre_estudiante11', 'apellido_paterno11', 'apellido_materno11', 'direccion11', 207, '0004');
INSERT INTO estudiante(id_estudiante, rut, nombre, apellido_pat, apellido_mat, direccion, codigo_comuna, codigo_curso) VALUES (13, '18000012-2', 'nombre_estudiante12', 'apellido_paterno12', 'apellido_materno12', 'direccion12', 278, '0004');
INSERT INTO estudiante(id_estudiante, rut, nombre, apellido_pat, apellido_mat, direccion, codigo_comuna, codigo_curso) VALUES (14, '18000013-3', 'nombre_estudiante13', 'apellido_paterno13', 'apellido_materno13', 'direccion13', 124, '0004');
INSERT INTO estudiante(id_estudiante, rut, nombre, apellido_pat, apellido_mat, direccion, codigo_comuna, codigo_curso) VALUES (15, '18000014-4', 'nombre_estudiante14', 'apellido_paterno14', 'apellido_materno14', 'direccion14', 233, '0004');
INSERT INTO estudiante(id_estudiante, rut, nombre, apellido_pat, apellido_mat, direccion, codigo_comuna, codigo_curso) VALUES (16, '18000015-5', 'nombre_estudiante15', 'apellido_paterno15', 'apellido_materno15', 'direccion15', 183, '0004');
INSERT INTO estudiante(id_estudiante, rut, nombre, apellido_pat, apellido_mat, direccion, codigo_comuna, codigo_curso) VALUES (17, '18000016-6', 'nombre_estudiante16', 'apellido_paterno16', 'apellido_materno16', 'direccion16', 32, '0004');
INSERT INTO estudiante(id_estudiante, rut, nombre, apellido_pat, apellido_mat, direccion, codigo_comuna, codigo_curso) VALUES (18, '18000017-7', 'nombre_estudiante17', 'apellido_paterno17', 'apellido_materno17', 'direccion17', 290, '0004');
INSERT INTO estudiante(id_estudiante, rut, nombre, apellido_pat, apellido_mat, direccion, codigo_comuna, codigo_curso) VALUES (19, '18000018-8', 'nombre_estudiante18', 'apellido_paterno18', 'apellido_materno18', 'direccion18', 312, '0004');
INSERT INTO estudiante(id_estudiante, rut, nombre, apellido_pat, apellido_mat, direccion, codigo_comuna, codigo_curso) VALUES (20, '18000019-9', 'nombre_estudiante19', 'apellido_paterno19', 'apellido_materno19', 'direccion19', 209, '0004');
INSERT INTO estudiante(id_estudiante, rut, nombre, apellido_pat, apellido_mat, direccion, codigo_comuna, codigo_curso) VALUES (21, '18000020-0', 'nombre_estudiante20', 'apellido_paterno20', 'apellido_materno20', 'direccion20', 207, '0004');
INSERT INTO estudiante(id_estudiante, rut, nombre, apellido_pat, apellido_mat, direccion, codigo_comuna, codigo_curso) VALUES (22, '18000021-1', 'nombre_estudiante21', 'apellido_paterno21', 'apellido_materno21', 'direccion21', 231, '0004');
INSERT INTO estudiante(id_estudiante, rut, nombre, apellido_pat, apellido_mat, direccion, codigo_comuna, codigo_curso) VALUES (23, '18000022-2', 'nombre_estudiante22', 'apellido_paterno22', 'apellido_materno22', 'direccion22', 298, '0004');
INSERT INTO estudiante(id_estudiante, rut, nombre, apellido_pat, apellido_mat, direccion, codigo_comuna, codigo_curso) VALUES (24, '18000023-3', 'nombre_estudiante23', 'apellido_paterno23', 'apellido_materno23', 'direccion23', 26, '0004');
INSERT INTO estudiante(id_estudiante, rut, nombre, apellido_pat, apellido_mat, direccion, codigo_comuna, codigo_curso) VALUES (25, '18000024-4', 'nombre_estudiante24', 'apellido_paterno24', 'apellido_materno24', 'direccion24', 316, '0004');
INSERT INTO estudiante(id_estudiante, rut, nombre, apellido_pat, apellido_mat, direccion, codigo_comuna, codigo_curso) VALUES (26, '18000025-5', 'nombre_estudiante25', 'apellido_paterno25', 'apellido_materno25', 'direccion25', 247, '0004');
INSERT INTO estudiante(id_estudiante, rut, nombre, apellido_pat, apellido_mat, direccion, codigo_comuna, codigo_curso) VALUES (27, '18000026-6', 'nombre_estudiante26', 'apellido_paterno26', 'apellido_materno26', 'direccion26', 14, '0004');
INSERT INTO estudiante(id_estudiante, rut, nombre, apellido_pat, apellido_mat, direccion, codigo_comuna, codigo_curso) VALUES (28, '18000027-7', 'nombre_estudiante27', 'apellido_paterno27', 'apellido_materno27', 'direccion27', 129, '0004');
INSERT INTO estudiante(id_estudiante, rut, nombre, apellido_pat, apellido_mat, direccion, codigo_comuna, codigo_curso) VALUES (29, '18000028-8', 'nombre_estudiante28', 'apellido_paterno28', 'apellido_materno28', 'direccion28', 126, '0004');
INSERT INTO estudiante(id_estudiante, rut, nombre, apellido_pat, apellido_mat, direccion, codigo_comuna, codigo_curso) VALUES (30, '18000029-9', 'nombre_estudiante29', 'apellido_paterno29', 'apellido_materno29', 'direccion29', 19, '0004');
INSERT INTO estudiante(id_estudiante, rut, nombre, apellido_pat, apellido_mat, direccion, codigo_comuna, codigo_curso) VALUES (31, '18000030-0', 'nombre_estudiante30', 'apellido_paterno30', 'apellido_materno30', 'direccion30', 98, '0010');
INSERT INTO estudiante(id_estudiante, rut, nombre, apellido_pat, apellido_mat, direccion, codigo_comuna, codigo_curso) VALUES (32, '18000031-1', 'nombre_estudiante31', 'apellido_paterno31', 'apellido_materno31', 'direccion31', 39, '0010');
INSERT INTO estudiante(id_estudiante, rut, nombre, apellido_pat, apellido_mat, direccion, codigo_comuna, codigo_curso) VALUES (33, '18000032-2', 'nombre_estudiante32', 'apellido_paterno32', 'apellido_materno32', 'direccion32', 149, '0010');
INSERT INTO estudiante(id_estudiante, rut, nombre, apellido_pat, apellido_mat, direccion, codigo_comuna, codigo_curso) VALUES (34, '18000033-3', 'nombre_estudiante33', 'apellido_paterno33', 'apellido_materno33', 'direccion33', 240, '0010');
INSERT INTO estudiante(id_estudiante, rut, nombre, apellido_pat, apellido_mat, direccion, codigo_comuna, codigo_curso) VALUES (35, '18000034-4', 'nombre_estudiante34', 'apellido_paterno34', 'apellido_materno34', 'direccion34', 242, '0010');
INSERT INTO estudiante(id_estudiante, rut, nombre, apellido_pat, apellido_mat, direccion, codigo_comuna, codigo_curso) VALUES (36, '18000035-5', 'nombre_estudiante35', 'apellido_paterno35', 'apellido_materno35', 'direccion35', 220, '0010');
INSERT INTO estudiante(id_estudiante, rut, nombre, apellido_pat, apellido_mat, direccion, codigo_comuna, codigo_curso) VALUES (37, '18000036-6', 'nombre_estudiante36', 'apellido_paterno36', 'apellido_materno36', 'direccion36', 315, '0010');
INSERT INTO estudiante(id_estudiante, rut, nombre, apellido_pat, apellido_mat, direccion, codigo_comuna, codigo_curso) VALUES (38, '18000037-7', 'nombre_estudiante37', 'apellido_paterno37', 'apellido_materno37', 'direccion37', 241, '0010');
INSERT INTO estudiante(id_estudiante, rut, nombre, apellido_pat, apellido_mat, direccion, codigo_comuna, codigo_curso) VALUES (39, '18000038-8', 'nombre_estudiante38', 'apellido_paterno38', 'apellido_materno38', 'direccion38', 8, '0010');
INSERT INTO estudiante(id_estudiante, rut, nombre, apellido_pat, apellido_mat, direccion, codigo_comuna, codigo_curso) VALUES (40, '18000039-9', 'nombre_estudiante39', 'apellido_paterno39', 'apellido_materno39', 'direccion39', 306, '0010');
INSERT INTO estudiante(id_estudiante, rut, nombre, apellido_pat, apellido_mat, direccion, codigo_comuna, codigo_curso) VALUES (41, '18000040-0', 'nombre_estudiante40', 'apellido_paterno40', 'apellido_materno40', 'direccion40', 175, '0010');
INSERT INTO estudiante(id_estudiante, rut, nombre, apellido_pat, apellido_mat, direccion, codigo_comuna, codigo_curso) VALUES (42, '18000041-1', 'nombre_estudiante41', 'apellido_paterno41', 'apellido_materno41', 'direccion41', 107, '0010');
INSERT INTO estudiante(id_estudiante, rut, nombre, apellido_pat, apellido_mat, direccion, codigo_comuna, codigo_curso) VALUES (43, '18000042-2', 'nombre_estudiante42', 'apellido_paterno42', 'apellido_materno42', 'direccion42', 272, '0010');
INSERT INTO estudiante(id_estudiante, rut, nombre, apellido_pat, apellido_mat, direccion, codigo_comuna, codigo_curso) VALUES (44, '18000043-3', 'nombre_estudiante43', 'apellido_paterno43', 'apellido_materno43', 'direccion43', 272, '0010');
INSERT INTO estudiante(id_estudiante, rut, nombre, apellido_pat, apellido_mat, direccion, codigo_comuna, codigo_curso) VALUES (45, '18000044-4', 'nombre_estudiante44', 'apellido_paterno44', 'apellido_materno44', 'direccion44', 161, '0010');
INSERT INTO estudiante(id_estudiante, rut, nombre, apellido_pat, apellido_mat, direccion, codigo_comuna, codigo_curso) VALUES (46, '18000045-5', 'nombre_estudiante45', 'apellido_paterno45', 'apellido_materno45', 'direccion45', 105, '0010');
INSERT INTO estudiante(id_estudiante, rut, nombre, apellido_pat, apellido_mat, direccion, codigo_comuna, codigo_curso) VALUES (47, '18000046-6', 'nombre_estudiante46', 'apellido_paterno46', 'apellido_materno46', 'direccion46', 311, '0010');
INSERT INTO estudiante(id_estudiante, rut, nombre, apellido_pat, apellido_mat, direccion, codigo_comuna, codigo_curso) VALUES (48, '18000047-7', 'nombre_estudiante47', 'apellido_paterno47', 'apellido_materno47', 'direccion47', 21, '0010');
INSERT INTO estudiante(id_estudiante, rut, nombre, apellido_pat, apellido_mat, direccion, codigo_comuna, codigo_curso) VALUES (49, '18000048-8', 'nombre_estudiante48', 'apellido_paterno48', 'apellido_materno48', 'direccion48', 261, '0010');
INSERT INTO estudiante(id_estudiante, rut, nombre, apellido_pat, apellido_mat, direccion, codigo_comuna, codigo_curso) VALUES (50, '18000049-9', 'nombre_estudiante49', 'apellido_paterno49', 'apellido_materno49', 'direccion49', 222, '0010');
INSERT INTO estudiante(id_estudiante, rut, nombre, apellido_pat, apellido_mat, direccion, codigo_comuna, codigo_curso) VALUES (51, '18000050-0', 'nombre_estudiante50', 'apellido_paterno50', 'apellido_materno50', 'direccion50', 304, '0010');
INSERT INTO estudiante(id_estudiante, rut, nombre, apellido_pat, apellido_mat, direccion, codigo_comuna, codigo_curso) VALUES (52, '18000051-1', 'nombre_estudiante51', 'apellido_paterno51', 'apellido_materno51', 'direccion51', 110, '0010');
INSERT INTO estudiante(id_estudiante, rut, nombre, apellido_pat, apellido_mat, direccion, codigo_comuna, codigo_curso) VALUES (53, '18000052-2', 'nombre_estudiante52', 'apellido_paterno52', 'apellido_materno52', 'direccion52', 268, '0010');
INSERT INTO estudiante(id_estudiante, rut, nombre, apellido_pat, apellido_mat, direccion, codigo_comuna, codigo_curso) VALUES (54, '18000053-3', 'nombre_estudiante53', 'apellido_paterno53', 'apellido_materno53', 'direccion53', 276, '0010');
INSERT INTO estudiante(id_estudiante, rut, nombre, apellido_pat, apellido_mat, direccion, codigo_comuna, codigo_curso) VALUES (55, '18000054-4', 'nombre_estudiante54', 'apellido_paterno54', 'apellido_materno54', 'direccion54', 332, '0010');
INSERT INTO estudiante(id_estudiante, rut, nombre, apellido_pat, apellido_mat, direccion, codigo_comuna, codigo_curso) VALUES (56, '18000055-5', 'nombre_estudiante55', 'apellido_paterno55', 'apellido_materno55', 'direccion55', 166, '0010');
INSERT INTO estudiante(id_estudiante, rut, nombre, apellido_pat, apellido_mat, direccion, codigo_comuna, codigo_curso) VALUES (57, '18000056-6', 'nombre_estudiante56', 'apellido_paterno56', 'apellido_materno56', 'direccion56', 274, '0010');
INSERT INTO estudiante(id_estudiante, rut, nombre, apellido_pat, apellido_mat, direccion, codigo_comuna, codigo_curso) VALUES (58, '18000057-7', 'nombre_estudiante57', 'apellido_paterno57', 'apellido_materno57', 'direccion57', 187, '0010');
INSERT INTO estudiante(id_estudiante, rut, nombre, apellido_pat, apellido_mat, direccion, codigo_comuna, codigo_curso) VALUES (59, '18000058-8', 'nombre_estudiante58', 'apellido_paterno58', 'apellido_materno58', 'direccion58', 35, '0010');
INSERT INTO estudiante(id_estudiante, rut, nombre, apellido_pat, apellido_mat, direccion, codigo_comuna, codigo_curso) VALUES (60, '18000059-9', 'nombre_estudiante59', 'apellido_paterno59', 'apellido_materno59', 'direccion59', 59, '0010');
INSERT INTO estudiante(id_estudiante, rut, nombre, apellido_pat, apellido_mat, direccion, codigo_comuna, codigo_curso) VALUES (61, '18000060-0', 'nombre_estudiante60', 'apellido_paterno60', 'apellido_materno60', 'direccion60', 149, '0008');
INSERT INTO estudiante(id_estudiante, rut, nombre, apellido_pat, apellido_mat, direccion, codigo_comuna, codigo_curso) VALUES (62, '18000061-1', 'nombre_estudiante61', 'apellido_paterno61', 'apellido_materno61', 'direccion61', 87, '0008');
INSERT INTO estudiante(id_estudiante, rut, nombre, apellido_pat, apellido_mat, direccion, codigo_comuna, codigo_curso) VALUES (63, '18000062-2', 'nombre_estudiante62', 'apellido_paterno62', 'apellido_materno62', 'direccion62', 126, '0008');
INSERT INTO estudiante(id_estudiante, rut, nombre, apellido_pat, apellido_mat, direccion, codigo_comuna, codigo_curso) VALUES (64, '18000063-3', 'nombre_estudiante63', 'apellido_paterno63', 'apellido_materno63', 'direccion63', 180, '0008');
INSERT INTO estudiante(id_estudiante, rut, nombre, apellido_pat, apellido_mat, direccion, codigo_comuna, codigo_curso) VALUES (65, '18000064-4', 'nombre_estudiante64', 'apellido_paterno64', 'apellido_materno64', 'direccion64', 11, '0008');
INSERT INTO estudiante(id_estudiante, rut, nombre, apellido_pat, apellido_mat, direccion, codigo_comuna, codigo_curso) VALUES (66, '18000065-5', 'nombre_estudiante65', 'apellido_paterno65', 'apellido_materno65', 'direccion65', 57, '0008');
INSERT INTO estudiante(id_estudiante, rut, nombre, apellido_pat, apellido_mat, direccion, codigo_comuna, codigo_curso) VALUES (67, '18000066-6', 'nombre_estudiante66', 'apellido_paterno66', 'apellido_materno66', 'direccion66', 230, '0008');
INSERT INTO estudiante(id_estudiante, rut, nombre, apellido_pat, apellido_mat, direccion, codigo_comuna, codigo_curso) VALUES (68, '18000067-7', 'nombre_estudiante67', 'apellido_paterno67', 'apellido_materno67', 'direccion67', 313, '0008');
INSERT INTO estudiante(id_estudiante, rut, nombre, apellido_pat, apellido_mat, direccion, codigo_comuna, codigo_curso) VALUES (69, '18000068-8', 'nombre_estudiante68', 'apellido_paterno68', 'apellido_materno68', 'direccion68', 127, '0008');
INSERT INTO estudiante(id_estudiante, rut, nombre, apellido_pat, apellido_mat, direccion, codigo_comuna, codigo_curso) VALUES (70, '18000069-9', 'nombre_estudiante69', 'apellido_paterno69', 'apellido_materno69', 'direccion69', 182, '0008');
INSERT INTO estudiante(id_estudiante, rut, nombre, apellido_pat, apellido_mat, direccion, codigo_comuna, codigo_curso) VALUES (71, '18000070-0', 'nombre_estudiante70', 'apellido_paterno70', 'apellido_materno70', 'direccion70', 176, '0008');
INSERT INTO estudiante(id_estudiante, rut, nombre, apellido_pat, apellido_mat, direccion, codigo_comuna, codigo_curso) VALUES (72, '18000071-1', 'nombre_estudiante71', 'apellido_paterno71', 'apellido_materno71', 'direccion71', 195, '0008');
INSERT INTO estudiante(id_estudiante, rut, nombre, apellido_pat, apellido_mat, direccion, codigo_comuna, codigo_curso) VALUES (73, '18000072-2', 'nombre_estudiante72', 'apellido_paterno72', 'apellido_materno72', 'direccion72', 19, '0008');
INSERT INTO estudiante(id_estudiante, rut, nombre, apellido_pat, apellido_mat, direccion, codigo_comuna, codigo_curso) VALUES (74, '18000073-3', 'nombre_estudiante73', 'apellido_paterno73', 'apellido_materno73', 'direccion73', 80, '0008');
INSERT INTO estudiante(id_estudiante, rut, nombre, apellido_pat, apellido_mat, direccion, codigo_comuna, codigo_curso) VALUES (75, '18000074-4', 'nombre_estudiante74', 'apellido_paterno74', 'apellido_materno74', 'direccion74', 220, '0008');
INSERT INTO estudiante(id_estudiante, rut, nombre, apellido_pat, apellido_mat, direccion, codigo_comuna, codigo_curso) VALUES (76, '18000075-5', 'nombre_estudiante75', 'apellido_paterno75', 'apellido_materno75', 'direccion75', 152, '0008');
INSERT INTO estudiante(id_estudiante, rut, nombre, apellido_pat, apellido_mat, direccion, codigo_comuna, codigo_curso) VALUES (77, '18000076-6', 'nombre_estudiante76', 'apellido_paterno76', 'apellido_materno76', 'direccion76', 267, '0008');
INSERT INTO estudiante(id_estudiante, rut, nombre, apellido_pat, apellido_mat, direccion, codigo_comuna, codigo_curso) VALUES (78, '18000077-7', 'nombre_estudiante77', 'apellido_paterno77', 'apellido_materno77', 'direccion77', 223, '0008');
INSERT INTO estudiante(id_estudiante, rut, nombre, apellido_pat, apellido_mat, direccion, codigo_comuna, codigo_curso) VALUES (79, '18000078-8', 'nombre_estudiante78', 'apellido_paterno78', 'apellido_materno78', 'direccion78', 235, '0008');
INSERT INTO estudiante(id_estudiante, rut, nombre, apellido_pat, apellido_mat, direccion, codigo_comuna, codigo_curso) VALUES (80, '18000079-9', 'nombre_estudiante79', 'apellido_paterno79', 'apellido_materno79', 'direccion79', 52, '0008');
INSERT INTO estudiante(id_estudiante, rut, nombre, apellido_pat, apellido_mat, direccion, codigo_comuna, codigo_curso) VALUES (81, '18000080-0', 'nombre_estudiante80', 'apellido_paterno80', 'apellido_materno80', 'direccion80', 252, '0008');
INSERT INTO estudiante(id_estudiante, rut, nombre, apellido_pat, apellido_mat, direccion, codigo_comuna, codigo_curso) VALUES (82, '18000081-1', 'nombre_estudiante81', 'apellido_paterno81', 'apellido_materno81', 'direccion81', 93, '0008');
INSERT INTO estudiante(id_estudiante, rut, nombre, apellido_pat, apellido_mat, direccion, codigo_comuna, codigo_curso) VALUES (83, '18000082-2', 'nombre_estudiante82', 'apellido_paterno82', 'apellido_materno82', 'direccion82', 205, '0008');
INSERT INTO estudiante(id_estudiante, rut, nombre, apellido_pat, apellido_mat, direccion, codigo_comuna, codigo_curso) VALUES (84, '18000083-3', 'nombre_estudiante83', 'apellido_paterno83', 'apellido_materno83', 'direccion83', 50, '0008');
INSERT INTO estudiante(id_estudiante, rut, nombre, apellido_pat, apellido_mat, direccion, codigo_comuna, codigo_curso) VALUES (85, '18000084-4', 'nombre_estudiante84', 'apellido_paterno84', 'apellido_materno84', 'direccion84', 231, '0008');
INSERT INTO estudiante(id_estudiante, rut, nombre, apellido_pat, apellido_mat, direccion, codigo_comuna, codigo_curso) VALUES (86, '18000085-5', 'nombre_estudiante85', 'apellido_paterno85', 'apellido_materno85', 'direccion85', 344, '0008');
INSERT INTO estudiante(id_estudiante, rut, nombre, apellido_pat, apellido_mat, direccion, codigo_comuna, codigo_curso) VALUES (87, '18000086-6', 'nombre_estudiante86', 'apellido_paterno86', 'apellido_materno86', 'direccion86', 115, '0008');
INSERT INTO estudiante(id_estudiante, rut, nombre, apellido_pat, apellido_mat, direccion, codigo_comuna, codigo_curso) VALUES (88, '18000087-7', 'nombre_estudiante87', 'apellido_paterno87', 'apellido_materno87', 'direccion87', 56, '0008');
INSERT INTO estudiante(id_estudiante, rut, nombre, apellido_pat, apellido_mat, direccion, codigo_comuna, codigo_curso) VALUES (89, '18000088-8', 'nombre_estudiante88', 'apellido_paterno88', 'apellido_materno88', 'direccion88', 148, '0008');
INSERT INTO estudiante(id_estudiante, rut, nombre, apellido_pat, apellido_mat, direccion, codigo_comuna, codigo_curso) VALUES (90, '18000089-9', 'nombre_estudiante89', 'apellido_paterno89', 'apellido_materno89', 'direccion89', 276, '0008');
INSERT INTO estudiante(id_estudiante, rut, nombre, apellido_pat, apellido_mat, direccion, codigo_comuna, codigo_curso) VALUES (91, '18000090-0', 'nombre_estudiante90', 'apellido_paterno90', 'apellido_materno90', 'direccion90', 107, '0006');
INSERT INTO estudiante(id_estudiante, rut, nombre, apellido_pat, apellido_mat, direccion, codigo_comuna, codigo_curso) VALUES (92, '18000091-1', 'nombre_estudiante91', 'apellido_paterno91', 'apellido_materno91', 'direccion91', 50, '0006');
INSERT INTO estudiante(id_estudiante, rut, nombre, apellido_pat, apellido_mat, direccion, codigo_comuna, codigo_curso) VALUES (93, '18000092-2', 'nombre_estudiante92', 'apellido_paterno92', 'apellido_materno92', 'direccion92', 304, '0006');
INSERT INTO estudiante(id_estudiante, rut, nombre, apellido_pat, apellido_mat, direccion, codigo_comuna, codigo_curso) VALUES (94, '18000093-3', 'nombre_estudiante93', 'apellido_paterno93', 'apellido_materno93', 'direccion93', 289, '0006');
INSERT INTO estudiante(id_estudiante, rut, nombre, apellido_pat, apellido_mat, direccion, codigo_comuna, codigo_curso) VALUES (95, '18000094-4', 'nombre_estudiante94', 'apellido_paterno94', 'apellido_materno94', 'direccion94', 98, '0006');
INSERT INTO estudiante(id_estudiante, rut, nombre, apellido_pat, apellido_mat, direccion, codigo_comuna, codigo_curso) VALUES (96, '18000095-5', 'nombre_estudiante95', 'apellido_paterno95', 'apellido_materno95', 'direccion95', 175, '0006');
INSERT INTO estudiante(id_estudiante, rut, nombre, apellido_pat, apellido_mat, direccion, codigo_comuna, codigo_curso) VALUES (97, '18000096-6', 'nombre_estudiante96', 'apellido_paterno96', 'apellido_materno96', 'direccion96', 185, '0006');
INSERT INTO estudiante(id_estudiante, rut, nombre, apellido_pat, apellido_mat, direccion, codigo_comuna, codigo_curso) VALUES (98, '18000097-7', 'nombre_estudiante97', 'apellido_paterno97', 'apellido_materno97', 'direccion97', 78, '0006');
INSERT INTO estudiante(id_estudiante, rut, nombre, apellido_pat, apellido_mat, direccion, codigo_comuna, codigo_curso) VALUES (99, '18000098-8', 'nombre_estudiante98', 'apellido_paterno98', 'apellido_materno98', 'direccion98', 6, '0006');
INSERT INTO estudiante(id_estudiante, rut, nombre, apellido_pat, apellido_mat, direccion, codigo_comuna, codigo_curso) VALUES (100, '18000099-9', 'nombre_estudiante99', 'apellido_paterno99', 'apellido_materno99', 'direccion99', 144, '0006');
INSERT INTO estudiante(id_estudiante, rut, nombre, apellido_pat, apellido_mat, direccion, codigo_comuna, codigo_curso) VALUES (101, '18000100-0', 'nombre_estudiante100', 'apellido_paterno100', 'apellido_materno100', 'direccion100', 3, '0006');
INSERT INTO estudiante(id_estudiante, rut, nombre, apellido_pat, apellido_mat, direccion, codigo_comuna, codigo_curso) VALUES (102, '18000101-1', 'nombre_estudiante101', 'apellido_paterno101', 'apellido_materno101', 'direccion101', 12, '0006');
INSERT INTO estudiante(id_estudiante, rut, nombre, apellido_pat, apellido_mat, direccion, codigo_comuna, codigo_curso) VALUES (103, '18000102-2', 'nombre_estudiante102', 'apellido_paterno102', 'apellido_materno102', 'direccion102', 341, '0006');
INSERT INTO estudiante(id_estudiante, rut, nombre, apellido_pat, apellido_mat, direccion, codigo_comuna, codigo_curso) VALUES (104, '18000103-3', 'nombre_estudiante103', 'apellido_paterno103', 'apellido_materno103', 'direccion103', 121, '0006');
INSERT INTO estudiante(id_estudiante, rut, nombre, apellido_pat, apellido_mat, direccion, codigo_comuna, codigo_curso) VALUES (105, '18000104-4', 'nombre_estudiante104', 'apellido_paterno104', 'apellido_materno104', 'direccion104', 100, '0006');
INSERT INTO estudiante(id_estudiante, rut, nombre, apellido_pat, apellido_mat, direccion, codigo_comuna, codigo_curso) VALUES (106, '18000105-5', 'nombre_estudiante105', 'apellido_paterno105', 'apellido_materno105', 'direccion105', 222, '0006');
INSERT INTO estudiante(id_estudiante, rut, nombre, apellido_pat, apellido_mat, direccion, codigo_comuna, codigo_curso) VALUES (107, '18000106-6', 'nombre_estudiante106', 'apellido_paterno106', 'apellido_materno106', 'direccion106', 2, '0006');
INSERT INTO estudiante(id_estudiante, rut, nombre, apellido_pat, apellido_mat, direccion, codigo_comuna, codigo_curso) VALUES (108, '18000107-7', 'nombre_estudiante107', 'apellido_paterno107', 'apellido_materno107', 'direccion107', 182, '0006');
INSERT INTO estudiante(id_estudiante, rut, nombre, apellido_pat, apellido_mat, direccion, codigo_comuna, codigo_curso) VALUES (109, '18000108-8', 'nombre_estudiante108', 'apellido_paterno108', 'apellido_materno108', 'direccion108', 122, '0006');
INSERT INTO estudiante(id_estudiante, rut, nombre, apellido_pat, apellido_mat, direccion, codigo_comuna, codigo_curso) VALUES (110, '18000109-9', 'nombre_estudiante109', 'apellido_paterno109', 'apellido_materno109', 'direccion109', 60, '0006');
INSERT INTO estudiante(id_estudiante, rut, nombre, apellido_pat, apellido_mat, direccion, codigo_comuna, codigo_curso) VALUES (111, '18000110-0', 'nombre_estudiante110', 'apellido_paterno110', 'apellido_materno110', 'direccion110', 115, '0006');
INSERT INTO estudiante(id_estudiante, rut, nombre, apellido_pat, apellido_mat, direccion, codigo_comuna, codigo_curso) VALUES (112, '18000111-1', 'nombre_estudiante111', 'apellido_paterno111', 'apellido_materno111', 'direccion111', 239, '0006');
INSERT INTO estudiante(id_estudiante, rut, nombre, apellido_pat, apellido_mat, direccion, codigo_comuna, codigo_curso) VALUES (113, '18000112-2', 'nombre_estudiante112', 'apellido_paterno112', 'apellido_materno112', 'direccion112', 159, '0006');
INSERT INTO estudiante(id_estudiante, rut, nombre, apellido_pat, apellido_mat, direccion, codigo_comuna, codigo_curso) VALUES (114, '18000113-3', 'nombre_estudiante113', 'apellido_paterno113', 'apellido_materno113', 'direccion113', 268, '0006');
INSERT INTO estudiante(id_estudiante, rut, nombre, apellido_pat, apellido_mat, direccion, codigo_comuna, codigo_curso) VALUES (115, '18000114-4', 'nombre_estudiante114', 'apellido_paterno114', 'apellido_materno114', 'direccion114', 260, '0006');
INSERT INTO estudiante(id_estudiante, rut, nombre, apellido_pat, apellido_mat, direccion, codigo_comuna, codigo_curso) VALUES (116, '18000115-5', 'nombre_estudiante115', 'apellido_paterno115', 'apellido_materno115', 'direccion115', 297, '0006');
INSERT INTO estudiante(id_estudiante, rut, nombre, apellido_pat, apellido_mat, direccion, codigo_comuna, codigo_curso) VALUES (117, '18000116-6', 'nombre_estudiante116', 'apellido_paterno116', 'apellido_materno116', 'direccion116', 48, '0006');
INSERT INTO estudiante(id_estudiante, rut, nombre, apellido_pat, apellido_mat, direccion, codigo_comuna, codigo_curso) VALUES (118, '18000117-7', 'nombre_estudiante117', 'apellido_paterno117', 'apellido_materno117', 'direccion117', 244, '0006');
INSERT INTO estudiante(id_estudiante, rut, nombre, apellido_pat, apellido_mat, direccion, codigo_comuna, codigo_curso) VALUES (119, '18000118-8', 'nombre_estudiante118', 'apellido_paterno118', 'apellido_materno118', 'direccion118', 289, '0006');
INSERT INTO estudiante(id_estudiante, rut, nombre, apellido_pat, apellido_mat, direccion, codigo_comuna, codigo_curso) VALUES (120, '18000119-9', 'nombre_estudiante119', 'apellido_paterno119', 'apellido_materno119', 'direccion119', 325, '0006');
INSERT INTO estudiante(id_estudiante, rut, nombre, apellido_pat, apellido_mat, direccion, codigo_comuna, codigo_curso) VALUES (121, '18000120-0', 'nombre_estudiante120', 'apellido_paterno120', 'apellido_materno120', 'direccion120', 330, '0045');
INSERT INTO estudiante(id_estudiante, rut, nombre, apellido_pat, apellido_mat, direccion, codigo_comuna, codigo_curso) VALUES (122, '18000121-1', 'nombre_estudiante121', 'apellido_paterno121', 'apellido_materno121', 'direccion121', 302, '0045');
INSERT INTO estudiante(id_estudiante, rut, nombre, apellido_pat, apellido_mat, direccion, codigo_comuna, codigo_curso) VALUES (123, '18000122-2', 'nombre_estudiante122', 'apellido_paterno122', 'apellido_materno122', 'direccion122', 289, '0045');
INSERT INTO estudiante(id_estudiante, rut, nombre, apellido_pat, apellido_mat, direccion, codigo_comuna, codigo_curso) VALUES (124, '18000123-3', 'nombre_estudiante123', 'apellido_paterno123', 'apellido_materno123', 'direccion123', 173, '0045');
INSERT INTO estudiante(id_estudiante, rut, nombre, apellido_pat, apellido_mat, direccion, codigo_comuna, codigo_curso) VALUES (125, '18000124-4', 'nombre_estudiante124', 'apellido_paterno124', 'apellido_materno124', 'direccion124', 52, '0045');
INSERT INTO estudiante(id_estudiante, rut, nombre, apellido_pat, apellido_mat, direccion, codigo_comuna, codigo_curso) VALUES (126, '18000125-5', 'nombre_estudiante125', 'apellido_paterno125', 'apellido_materno125', 'direccion125', 277, '0045');
INSERT INTO estudiante(id_estudiante, rut, nombre, apellido_pat, apellido_mat, direccion, codigo_comuna, codigo_curso) VALUES (127, '18000126-6', 'nombre_estudiante126', 'apellido_paterno126', 'apellido_materno126', 'direccion126', 319, '0045');
INSERT INTO estudiante(id_estudiante, rut, nombre, apellido_pat, apellido_mat, direccion, codigo_comuna, codigo_curso) VALUES (128, '18000127-7', 'nombre_estudiante127', 'apellido_paterno127', 'apellido_materno127', 'direccion127', 83, '0045');
INSERT INTO estudiante(id_estudiante, rut, nombre, apellido_pat, apellido_mat, direccion, codigo_comuna, codigo_curso) VALUES (129, '18000128-8', 'nombre_estudiante128', 'apellido_paterno128', 'apellido_materno128', 'direccion128', 242, '0045');
INSERT INTO estudiante(id_estudiante, rut, nombre, apellido_pat, apellido_mat, direccion, codigo_comuna, codigo_curso) VALUES (130, '18000129-9', 'nombre_estudiante129', 'apellido_paterno129', 'apellido_materno129', 'direccion129', 196, '0045');
INSERT INTO estudiante(id_estudiante, rut, nombre, apellido_pat, apellido_mat, direccion, codigo_comuna, codigo_curso) VALUES (131, '18000130-0', 'nombre_estudiante130', 'apellido_paterno130', 'apellido_materno130', 'direccion130', 232, '0045');
INSERT INTO estudiante(id_estudiante, rut, nombre, apellido_pat, apellido_mat, direccion, codigo_comuna, codigo_curso) VALUES (132, '18000131-1', 'nombre_estudiante131', 'apellido_paterno131', 'apellido_materno131', 'direccion131', 83, '0045');
INSERT INTO estudiante(id_estudiante, rut, nombre, apellido_pat, apellido_mat, direccion, codigo_comuna, codigo_curso) VALUES (133, '18000132-2', 'nombre_estudiante132', 'apellido_paterno132', 'apellido_materno132', 'direccion132', 182, '0045');
INSERT INTO estudiante(id_estudiante, rut, nombre, apellido_pat, apellido_mat, direccion, codigo_comuna, codigo_curso) VALUES (134, '18000133-3', 'nombre_estudiante133', 'apellido_paterno133', 'apellido_materno133', 'direccion133', 150, '0045');
INSERT INTO estudiante(id_estudiante, rut, nombre, apellido_pat, apellido_mat, direccion, codigo_comuna, codigo_curso) VALUES (135, '18000134-4', 'nombre_estudiante134', 'apellido_paterno134', 'apellido_materno134', 'direccion134', 142, '0045');
INSERT INTO estudiante(id_estudiante, rut, nombre, apellido_pat, apellido_mat, direccion, codigo_comuna, codigo_curso) VALUES (136, '18000135-5', 'nombre_estudiante135', 'apellido_paterno135', 'apellido_materno135', 'direccion135', 190, '0045');
INSERT INTO estudiante(id_estudiante, rut, nombre, apellido_pat, apellido_mat, direccion, codigo_comuna, codigo_curso) VALUES (137, '18000136-6', 'nombre_estudiante136', 'apellido_paterno136', 'apellido_materno136', 'direccion136', 63, '0045');
INSERT INTO estudiante(id_estudiante, rut, nombre, apellido_pat, apellido_mat, direccion, codigo_comuna, codigo_curso) VALUES (138, '18000137-7', 'nombre_estudiante137', 'apellido_paterno137', 'apellido_materno137', 'direccion137', 198, '0045');
INSERT INTO estudiante(id_estudiante, rut, nombre, apellido_pat, apellido_mat, direccion, codigo_comuna, codigo_curso) VALUES (139, '18000138-8', 'nombre_estudiante138', 'apellido_paterno138', 'apellido_materno138', 'direccion138', 17, '0045');
INSERT INTO estudiante(id_estudiante, rut, nombre, apellido_pat, apellido_mat, direccion, codigo_comuna, codigo_curso) VALUES (140, '18000139-9', 'nombre_estudiante139', 'apellido_paterno139', 'apellido_materno139', 'direccion139', 333, '0045');
INSERT INTO estudiante(id_estudiante, rut, nombre, apellido_pat, apellido_mat, direccion, codigo_comuna, codigo_curso) VALUES (141, '18000140-0', 'nombre_estudiante140', 'apellido_paterno140', 'apellido_materno140', 'direccion140', 271, '0045');
INSERT INTO estudiante(id_estudiante, rut, nombre, apellido_pat, apellido_mat, direccion, codigo_comuna, codigo_curso) VALUES (142, '18000141-1', 'nombre_estudiante141', 'apellido_paterno141', 'apellido_materno141', 'direccion141', 338, '0045');
INSERT INTO estudiante(id_estudiante, rut, nombre, apellido_pat, apellido_mat, direccion, codigo_comuna, codigo_curso) VALUES (143, '18000142-2', 'nombre_estudiante142', 'apellido_paterno142', 'apellido_materno142', 'direccion142', 217, '0045');
INSERT INTO estudiante(id_estudiante, rut, nombre, apellido_pat, apellido_mat, direccion, codigo_comuna, codigo_curso) VALUES (144, '18000143-3', 'nombre_estudiante143', 'apellido_paterno143', 'apellido_materno143', 'direccion143', 223, '0045');
INSERT INTO estudiante(id_estudiante, rut, nombre, apellido_pat, apellido_mat, direccion, codigo_comuna, codigo_curso) VALUES (145, '18000144-4', 'nombre_estudiante144', 'apellido_paterno144', 'apellido_materno144', 'direccion144', 71, '0045');
INSERT INTO estudiante(id_estudiante, rut, nombre, apellido_pat, apellido_mat, direccion, codigo_comuna, codigo_curso) VALUES (146, '18000145-5', 'nombre_estudiante145', 'apellido_paterno145', 'apellido_materno145', 'direccion145', 108, '0045');
INSERT INTO estudiante(id_estudiante, rut, nombre, apellido_pat, apellido_mat, direccion, codigo_comuna, codigo_curso) VALUES (147, '18000146-6', 'nombre_estudiante146', 'apellido_paterno146', 'apellido_materno146', 'direccion146', 62, '0045');
INSERT INTO estudiante(id_estudiante, rut, nombre, apellido_pat, apellido_mat, direccion, codigo_comuna, codigo_curso) VALUES (148, '18000147-7', 'nombre_estudiante147', 'apellido_paterno147', 'apellido_materno147', 'direccion147', 73, '0045');
INSERT INTO estudiante(id_estudiante, rut, nombre, apellido_pat, apellido_mat, direccion, codigo_comuna, codigo_curso) VALUES (149, '18000148-8', 'nombre_estudiante148', 'apellido_paterno148', 'apellido_materno148', 'direccion148', 271, '0045');
INSERT INTO estudiante(id_estudiante, rut, nombre, apellido_pat, apellido_mat, direccion, codigo_comuna, codigo_curso) VALUES (150, '18000149-9', 'nombre_estudiante149', 'apellido_paterno149', 'apellido_materno149', 'direccion149', 277, '0045');
INSERT INTO estudiante(id_estudiante, rut, nombre, apellido_pat, apellido_mat, direccion, codigo_comuna, codigo_curso) VALUES (151, '18000150-0', 'nombre_estudiante150', 'apellido_paterno150', 'apellido_materno150', 'direccion150', 263, '0009');
INSERT INTO estudiante(id_estudiante, rut, nombre, apellido_pat, apellido_mat, direccion, codigo_comuna, codigo_curso) VALUES (152, '18000151-1', 'nombre_estudiante151', 'apellido_paterno151', 'apellido_materno151', 'direccion151', 33, '0009');
INSERT INTO estudiante(id_estudiante, rut, nombre, apellido_pat, apellido_mat, direccion, codigo_comuna, codigo_curso) VALUES (153, '18000152-2', 'nombre_estudiante152', 'apellido_paterno152', 'apellido_materno152', 'direccion152', 77, '0009');
INSERT INTO estudiante(id_estudiante, rut, nombre, apellido_pat, apellido_mat, direccion, codigo_comuna, codigo_curso) VALUES (154, '18000153-3', 'nombre_estudiante153', 'apellido_paterno153', 'apellido_materno153', 'direccion153', 305, '0009');
INSERT INTO estudiante(id_estudiante, rut, nombre, apellido_pat, apellido_mat, direccion, codigo_comuna, codigo_curso) VALUES (155, '18000154-4', 'nombre_estudiante154', 'apellido_paterno154', 'apellido_materno154', 'direccion154', 228, '0009');
INSERT INTO estudiante(id_estudiante, rut, nombre, apellido_pat, apellido_mat, direccion, codigo_comuna, codigo_curso) VALUES (156, '18000155-5', 'nombre_estudiante155', 'apellido_paterno155', 'apellido_materno155', 'direccion155', 194, '0009');
INSERT INTO estudiante(id_estudiante, rut, nombre, apellido_pat, apellido_mat, direccion, codigo_comuna, codigo_curso) VALUES (157, '18000156-6', 'nombre_estudiante156', 'apellido_paterno156', 'apellido_materno156', 'direccion156', 128, '0009');
INSERT INTO estudiante(id_estudiante, rut, nombre, apellido_pat, apellido_mat, direccion, codigo_comuna, codigo_curso) VALUES (158, '18000157-7', 'nombre_estudiante157', 'apellido_paterno157', 'apellido_materno157', 'direccion157', 37, '0009');
INSERT INTO estudiante(id_estudiante, rut, nombre, apellido_pat, apellido_mat, direccion, codigo_comuna, codigo_curso) VALUES (159, '18000158-8', 'nombre_estudiante158', 'apellido_paterno158', 'apellido_materno158', 'direccion158', 282, '0009');
INSERT INTO estudiante(id_estudiante, rut, nombre, apellido_pat, apellido_mat, direccion, codigo_comuna, codigo_curso) VALUES (160, '18000159-9', 'nombre_estudiante159', 'apellido_paterno159', 'apellido_materno159', 'direccion159', 235, '0009');
INSERT INTO estudiante(id_estudiante, rut, nombre, apellido_pat, apellido_mat, direccion, codigo_comuna, codigo_curso) VALUES (161, '18000160-0', 'nombre_estudiante160', 'apellido_paterno160', 'apellido_materno160', 'direccion160', 205, '0009');
INSERT INTO estudiante(id_estudiante, rut, nombre, apellido_pat, apellido_mat, direccion, codigo_comuna, codigo_curso) VALUES (162, '18000161-1', 'nombre_estudiante161', 'apellido_paterno161', 'apellido_materno161', 'direccion161', 151, '0009');
INSERT INTO estudiante(id_estudiante, rut, nombre, apellido_pat, apellido_mat, direccion, codigo_comuna, codigo_curso) VALUES (163, '18000162-2', 'nombre_estudiante162', 'apellido_paterno162', 'apellido_materno162', 'direccion162', 155, '0009');
INSERT INTO estudiante(id_estudiante, rut, nombre, apellido_pat, apellido_mat, direccion, codigo_comuna, codigo_curso) VALUES (164, '18000163-3', 'nombre_estudiante163', 'apellido_paterno163', 'apellido_materno163', 'direccion163', 198, '0009');
INSERT INTO estudiante(id_estudiante, rut, nombre, apellido_pat, apellido_mat, direccion, codigo_comuna, codigo_curso) VALUES (165, '18000164-4', 'nombre_estudiante164', 'apellido_paterno164', 'apellido_materno164', 'direccion164', 22, '0009');
INSERT INTO estudiante(id_estudiante, rut, nombre, apellido_pat, apellido_mat, direccion, codigo_comuna, codigo_curso) VALUES (166, '18000165-5', 'nombre_estudiante165', 'apellido_paterno165', 'apellido_materno165', 'direccion165', 230, '0009');
INSERT INTO estudiante(id_estudiante, rut, nombre, apellido_pat, apellido_mat, direccion, codigo_comuna, codigo_curso) VALUES (167, '18000166-6', 'nombre_estudiante166', 'apellido_paterno166', 'apellido_materno166', 'direccion166', 68, '0009');
INSERT INTO estudiante(id_estudiante, rut, nombre, apellido_pat, apellido_mat, direccion, codigo_comuna, codigo_curso) VALUES (168, '18000167-7', 'nombre_estudiante167', 'apellido_paterno167', 'apellido_materno167', 'direccion167', 42, '0009');
INSERT INTO estudiante(id_estudiante, rut, nombre, apellido_pat, apellido_mat, direccion, codigo_comuna, codigo_curso) VALUES (169, '18000168-8', 'nombre_estudiante168', 'apellido_paterno168', 'apellido_materno168', 'direccion168', 346, '0009');
INSERT INTO estudiante(id_estudiante, rut, nombre, apellido_pat, apellido_mat, direccion, codigo_comuna, codigo_curso) VALUES (170, '18000169-9', 'nombre_estudiante169', 'apellido_paterno169', 'apellido_materno169', 'direccion169', 327, '0009');
INSERT INTO estudiante(id_estudiante, rut, nombre, apellido_pat, apellido_mat, direccion, codigo_comuna, codigo_curso) VALUES (171, '18000170-0', 'nombre_estudiante170', 'apellido_paterno170', 'apellido_materno170', 'direccion170', 203, '0009');
INSERT INTO estudiante(id_estudiante, rut, nombre, apellido_pat, apellido_mat, direccion, codigo_comuna, codigo_curso) VALUES (172, '18000171-1', 'nombre_estudiante171', 'apellido_paterno171', 'apellido_materno171', 'direccion171', 208, '0009');
INSERT INTO estudiante(id_estudiante, rut, nombre, apellido_pat, apellido_mat, direccion, codigo_comuna, codigo_curso) VALUES (173, '18000172-2', 'nombre_estudiante172', 'apellido_paterno172', 'apellido_materno172', 'direccion172', 335, '0009');
INSERT INTO estudiante(id_estudiante, rut, nombre, apellido_pat, apellido_mat, direccion, codigo_comuna, codigo_curso) VALUES (174, '18000173-3', 'nombre_estudiante173', 'apellido_paterno173', 'apellido_materno173', 'direccion173', 327, '0009');
INSERT INTO estudiante(id_estudiante, rut, nombre, apellido_pat, apellido_mat, direccion, codigo_comuna, codigo_curso) VALUES (175, '18000174-4', 'nombre_estudiante174', 'apellido_paterno174', 'apellido_materno174', 'direccion174', 311, '0009');
INSERT INTO estudiante(id_estudiante, rut, nombre, apellido_pat, apellido_mat, direccion, codigo_comuna, codigo_curso) VALUES (176, '18000175-5', 'nombre_estudiante175', 'apellido_paterno175', 'apellido_materno175', 'direccion175', 95, '0009');
INSERT INTO estudiante(id_estudiante, rut, nombre, apellido_pat, apellido_mat, direccion, codigo_comuna, codigo_curso) VALUES (177, '18000176-6', 'nombre_estudiante176', 'apellido_paterno176', 'apellido_materno176', 'direccion176', 34, '0009');
INSERT INTO estudiante(id_estudiante, rut, nombre, apellido_pat, apellido_mat, direccion, codigo_comuna, codigo_curso) VALUES (178, '18000177-7', 'nombre_estudiante177', 'apellido_paterno177', 'apellido_materno177', 'direccion177', 296, '0009');
INSERT INTO estudiante(id_estudiante, rut, nombre, apellido_pat, apellido_mat, direccion, codigo_comuna, codigo_curso) VALUES (179, '18000178-8', 'nombre_estudiante178', 'apellido_paterno178', 'apellido_materno178', 'direccion178', 335, '0009');
INSERT INTO estudiante(id_estudiante, rut, nombre, apellido_pat, apellido_mat, direccion, codigo_comuna, codigo_curso) VALUES (180, '18000179-9', 'nombre_estudiante179', 'apellido_paterno179', 'apellido_materno179', 'direccion179', 278, '0009');
INSERT INTO estudiante(id_estudiante, rut, nombre, apellido_pat, apellido_mat, direccion, codigo_comuna, codigo_curso) VALUES (181, '18000180-0', 'nombre_estudiante180', 'apellido_paterno180', 'apellido_materno180', 'direccion180', 193, '0007');
INSERT INTO estudiante(id_estudiante, rut, nombre, apellido_pat, apellido_mat, direccion, codigo_comuna, codigo_curso) VALUES (182, '18000181-1', 'nombre_estudiante181', 'apellido_paterno181', 'apellido_materno181', 'direccion181', 262, '0007');
INSERT INTO estudiante(id_estudiante, rut, nombre, apellido_pat, apellido_mat, direccion, codigo_comuna, codigo_curso) VALUES (183, '18000182-2', 'nombre_estudiante182', 'apellido_paterno182', 'apellido_materno182', 'direccion182', 342, '0007');
INSERT INTO estudiante(id_estudiante, rut, nombre, apellido_pat, apellido_mat, direccion, codigo_comuna, codigo_curso) VALUES (184, '18000183-3', 'nombre_estudiante183', 'apellido_paterno183', 'apellido_materno183', 'direccion183', 249, '0007');
INSERT INTO estudiante(id_estudiante, rut, nombre, apellido_pat, apellido_mat, direccion, codigo_comuna, codigo_curso) VALUES (185, '18000184-4', 'nombre_estudiante184', 'apellido_paterno184', 'apellido_materno184', 'direccion184', 52, '0007');
INSERT INTO estudiante(id_estudiante, rut, nombre, apellido_pat, apellido_mat, direccion, codigo_comuna, codigo_curso) VALUES (186, '18000185-5', 'nombre_estudiante185', 'apellido_paterno185', 'apellido_materno185', 'direccion185', 241, '0007');
INSERT INTO estudiante(id_estudiante, rut, nombre, apellido_pat, apellido_mat, direccion, codigo_comuna, codigo_curso) VALUES (187, '18000186-6', 'nombre_estudiante186', 'apellido_paterno186', 'apellido_materno186', 'direccion186', 265, '0007');
INSERT INTO estudiante(id_estudiante, rut, nombre, apellido_pat, apellido_mat, direccion, codigo_comuna, codigo_curso) VALUES (188, '18000187-7', 'nombre_estudiante187', 'apellido_paterno187', 'apellido_materno187', 'direccion187', 306, '0007');
INSERT INTO estudiante(id_estudiante, rut, nombre, apellido_pat, apellido_mat, direccion, codigo_comuna, codigo_curso) VALUES (189, '18000188-8', 'nombre_estudiante188', 'apellido_paterno188', 'apellido_materno188', 'direccion188', 102, '0007');
INSERT INTO estudiante(id_estudiante, rut, nombre, apellido_pat, apellido_mat, direccion, codigo_comuna, codigo_curso) VALUES (190, '18000189-9', 'nombre_estudiante189', 'apellido_paterno189', 'apellido_materno189', 'direccion189', 323, '0007');
INSERT INTO estudiante(id_estudiante, rut, nombre, apellido_pat, apellido_mat, direccion, codigo_comuna, codigo_curso) VALUES (191, '18000190-0', 'nombre_estudiante190', 'apellido_paterno190', 'apellido_materno190', 'direccion190', 341, '0007');
INSERT INTO estudiante(id_estudiante, rut, nombre, apellido_pat, apellido_mat, direccion, codigo_comuna, codigo_curso) VALUES (192, '18000191-1', 'nombre_estudiante191', 'apellido_paterno191', 'apellido_materno191', 'direccion191', 67, '0007');
INSERT INTO estudiante(id_estudiante, rut, nombre, apellido_pat, apellido_mat, direccion, codigo_comuna, codigo_curso) VALUES (193, '18000192-2', 'nombre_estudiante192', 'apellido_paterno192', 'apellido_materno192', 'direccion192', 109, '0007');
INSERT INTO estudiante(id_estudiante, rut, nombre, apellido_pat, apellido_mat, direccion, codigo_comuna, codigo_curso) VALUES (194, '18000193-3', 'nombre_estudiante193', 'apellido_paterno193', 'apellido_materno193', 'direccion193', 263, '0007');
INSERT INTO estudiante(id_estudiante, rut, nombre, apellido_pat, apellido_mat, direccion, codigo_comuna, codigo_curso) VALUES (195, '18000194-4', 'nombre_estudiante194', 'apellido_paterno194', 'apellido_materno194', 'direccion194', 41, '0007');
INSERT INTO estudiante(id_estudiante, rut, nombre, apellido_pat, apellido_mat, direccion, codigo_comuna, codigo_curso) VALUES (196, '18000195-5', 'nombre_estudiante195', 'apellido_paterno195', 'apellido_materno195', 'direccion195', 311, '0007');
INSERT INTO estudiante(id_estudiante, rut, nombre, apellido_pat, apellido_mat, direccion, codigo_comuna, codigo_curso) VALUES (197, '18000196-6', 'nombre_estudiante196', 'apellido_paterno196', 'apellido_materno196', 'direccion196', 249, '0007');
INSERT INTO estudiante(id_estudiante, rut, nombre, apellido_pat, apellido_mat, direccion, codigo_comuna, codigo_curso) VALUES (198, '18000197-7', 'nombre_estudiante197', 'apellido_paterno197', 'apellido_materno197', 'direccion197', 346, '0007');
INSERT INTO estudiante(id_estudiante, rut, nombre, apellido_pat, apellido_mat, direccion, codigo_comuna, codigo_curso) VALUES (199, '18000198-8', 'nombre_estudiante198', 'apellido_paterno198', 'apellido_materno198', 'direccion198', 10, '0007');
INSERT INTO estudiante(id_estudiante, rut, nombre, apellido_pat, apellido_mat, direccion, codigo_comuna, codigo_curso) VALUES (200, '18000199-9', 'nombre_estudiante199', 'apellido_paterno199', 'apellido_materno199', 'direccion199', 126, '0007');
INSERT INTO estudiante(id_estudiante, rut, nombre, apellido_pat, apellido_mat, direccion, codigo_comuna, codigo_curso) VALUES (201, '18000200-0', 'nombre_estudiante200', 'apellido_paterno200', 'apellido_materno200', 'direccion200', 183, '0007');
INSERT INTO estudiante(id_estudiante, rut, nombre, apellido_pat, apellido_mat, direccion, codigo_comuna, codigo_curso) VALUES (202, '18000201-1', 'nombre_estudiante201', 'apellido_paterno201', 'apellido_materno201', 'direccion201', 203, '0007');
INSERT INTO estudiante(id_estudiante, rut, nombre, apellido_pat, apellido_mat, direccion, codigo_comuna, codigo_curso) VALUES (203, '18000202-2', 'nombre_estudiante202', 'apellido_paterno202', 'apellido_materno202', 'direccion202', 17, '0007');
INSERT INTO estudiante(id_estudiante, rut, nombre, apellido_pat, apellido_mat, direccion, codigo_comuna, codigo_curso) VALUES (204, '18000203-3', 'nombre_estudiante203', 'apellido_paterno203', 'apellido_materno203', 'direccion203', 303, '0007');
INSERT INTO estudiante(id_estudiante, rut, nombre, apellido_pat, apellido_mat, direccion, codigo_comuna, codigo_curso) VALUES (205, '18000204-4', 'nombre_estudiante204', 'apellido_paterno204', 'apellido_materno204', 'direccion204', 244, '0007');
INSERT INTO estudiante(id_estudiante, rut, nombre, apellido_pat, apellido_mat, direccion, codigo_comuna, codigo_curso) VALUES (206, '18000205-5', 'nombre_estudiante205', 'apellido_paterno205', 'apellido_materno205', 'direccion205', 273, '0007');
INSERT INTO estudiante(id_estudiante, rut, nombre, apellido_pat, apellido_mat, direccion, codigo_comuna, codigo_curso) VALUES (207, '18000206-6', 'nombre_estudiante206', 'apellido_paterno206', 'apellido_materno206', 'direccion206', 198, '0007');
INSERT INTO estudiante(id_estudiante, rut, nombre, apellido_pat, apellido_mat, direccion, codigo_comuna, codigo_curso) VALUES (208, '18000207-7', 'nombre_estudiante207', 'apellido_paterno207', 'apellido_materno207', 'direccion207', 125, '0007');
INSERT INTO estudiante(id_estudiante, rut, nombre, apellido_pat, apellido_mat, direccion, codigo_comuna, codigo_curso) VALUES (209, '18000208-8', 'nombre_estudiante208', 'apellido_paterno208', 'apellido_materno208', 'direccion208', 208, '0007');
INSERT INTO estudiante(id_estudiante, rut, nombre, apellido_pat, apellido_mat, direccion, codigo_comuna, codigo_curso) VALUES (210, '18000209-9', 'nombre_estudiante209', 'apellido_paterno209', 'apellido_materno209', 'direccion209', 74, '0007');
INSERT INTO estudiante(id_estudiante, rut, nombre, apellido_pat, apellido_mat, direccion, codigo_comuna, codigo_curso) VALUES (211, '18000210-0', 'nombre_estudiante210', 'apellido_paterno210', 'apellido_materno210', 'direccion210', 270, '0001');
INSERT INTO estudiante(id_estudiante, rut, nombre, apellido_pat, apellido_mat, direccion, codigo_comuna, codigo_curso) VALUES (212, '18000211-1', 'nombre_estudiante211', 'apellido_paterno211', 'apellido_materno211', 'direccion211', 288, '0001');
INSERT INTO estudiante(id_estudiante, rut, nombre, apellido_pat, apellido_mat, direccion, codigo_comuna, codigo_curso) VALUES (213, '18000212-2', 'nombre_estudiante212', 'apellido_paterno212', 'apellido_materno212', 'direccion212', 247, '0001');
INSERT INTO estudiante(id_estudiante, rut, nombre, apellido_pat, apellido_mat, direccion, codigo_comuna, codigo_curso) VALUES (214, '18000213-3', 'nombre_estudiante213', 'apellido_paterno213', 'apellido_materno213', 'direccion213', 66, '0001');
INSERT INTO estudiante(id_estudiante, rut, nombre, apellido_pat, apellido_mat, direccion, codigo_comuna, codigo_curso) VALUES (215, '18000214-4', 'nombre_estudiante214', 'apellido_paterno214', 'apellido_materno214', 'direccion214', 20, '0001');
INSERT INTO estudiante(id_estudiante, rut, nombre, apellido_pat, apellido_mat, direccion, codigo_comuna, codigo_curso) VALUES (216, '18000215-5', 'nombre_estudiante215', 'apellido_paterno215', 'apellido_materno215', 'direccion215', 195, '0001');
INSERT INTO estudiante(id_estudiante, rut, nombre, apellido_pat, apellido_mat, direccion, codigo_comuna, codigo_curso) VALUES (217, '18000216-6', 'nombre_estudiante216', 'apellido_paterno216', 'apellido_materno216', 'direccion216', 38, '0001');
INSERT INTO estudiante(id_estudiante, rut, nombre, apellido_pat, apellido_mat, direccion, codigo_comuna, codigo_curso) VALUES (218, '18000217-7', 'nombre_estudiante217', 'apellido_paterno217', 'apellido_materno217', 'direccion217', 220, '0001');
INSERT INTO estudiante(id_estudiante, rut, nombre, apellido_pat, apellido_mat, direccion, codigo_comuna, codigo_curso) VALUES (219, '18000218-8', 'nombre_estudiante218', 'apellido_paterno218', 'apellido_materno218', 'direccion218', 76, '0001');
INSERT INTO estudiante(id_estudiante, rut, nombre, apellido_pat, apellido_mat, direccion, codigo_comuna, codigo_curso) VALUES (220, '18000219-9', 'nombre_estudiante219', 'apellido_paterno219', 'apellido_materno219', 'direccion219', 173, '0001');
INSERT INTO estudiante(id_estudiante, rut, nombre, apellido_pat, apellido_mat, direccion, codigo_comuna, codigo_curso) VALUES (221, '18000220-0', 'nombre_estudiante220', 'apellido_paterno220', 'apellido_materno220', 'direccion220', 11, '0001');
INSERT INTO estudiante(id_estudiante, rut, nombre, apellido_pat, apellido_mat, direccion, codigo_comuna, codigo_curso) VALUES (222, '18000221-1', 'nombre_estudiante221', 'apellido_paterno221', 'apellido_materno221', 'direccion221', 152, '0001');
INSERT INTO estudiante(id_estudiante, rut, nombre, apellido_pat, apellido_mat, direccion, codigo_comuna, codigo_curso) VALUES (223, '18000222-2', 'nombre_estudiante222', 'apellido_paterno222', 'apellido_materno222', 'direccion222', 308, '0001');
INSERT INTO estudiante(id_estudiante, rut, nombre, apellido_pat, apellido_mat, direccion, codigo_comuna, codigo_curso) VALUES (224, '18000223-3', 'nombre_estudiante223', 'apellido_paterno223', 'apellido_materno223', 'direccion223', 283, '0001');
INSERT INTO estudiante(id_estudiante, rut, nombre, apellido_pat, apellido_mat, direccion, codigo_comuna, codigo_curso) VALUES (225, '18000224-4', 'nombre_estudiante224', 'apellido_paterno224', 'apellido_materno224', 'direccion224', 1, '0001');
INSERT INTO estudiante(id_estudiante, rut, nombre, apellido_pat, apellido_mat, direccion, codigo_comuna, codigo_curso) VALUES (226, '18000225-5', 'nombre_estudiante225', 'apellido_paterno225', 'apellido_materno225', 'direccion225', 99, '0001');
INSERT INTO estudiante(id_estudiante, rut, nombre, apellido_pat, apellido_mat, direccion, codigo_comuna, codigo_curso) VALUES (227, '18000226-6', 'nombre_estudiante226', 'apellido_paterno226', 'apellido_materno226', 'direccion226', 322, '0001');
INSERT INTO estudiante(id_estudiante, rut, nombre, apellido_pat, apellido_mat, direccion, codigo_comuna, codigo_curso) VALUES (228, '18000227-7', 'nombre_estudiante227', 'apellido_paterno227', 'apellido_materno227', 'direccion227', 215, '0001');
INSERT INTO estudiante(id_estudiante, rut, nombre, apellido_pat, apellido_mat, direccion, codigo_comuna, codigo_curso) VALUES (229, '18000228-8', 'nombre_estudiante228', 'apellido_paterno228', 'apellido_materno228', 'direccion228', 248, '0001');
INSERT INTO estudiante(id_estudiante, rut, nombre, apellido_pat, apellido_mat, direccion, codigo_comuna, codigo_curso) VALUES (230, '18000229-9', 'nombre_estudiante229', 'apellido_paterno229', 'apellido_materno229', 'direccion229', 34, '0001');
INSERT INTO estudiante(id_estudiante, rut, nombre, apellido_pat, apellido_mat, direccion, codigo_comuna, codigo_curso) VALUES (231, '18000230-0', 'nombre_estudiante230', 'apellido_paterno230', 'apellido_materno230', 'direccion230', 57, '0001');
INSERT INTO estudiante(id_estudiante, rut, nombre, apellido_pat, apellido_mat, direccion, codigo_comuna, codigo_curso) VALUES (232, '18000231-1', 'nombre_estudiante231', 'apellido_paterno231', 'apellido_materno231', 'direccion231', 33, '0001');
INSERT INTO estudiante(id_estudiante, rut, nombre, apellido_pat, apellido_mat, direccion, codigo_comuna, codigo_curso) VALUES (233, '18000232-2', 'nombre_estudiante232', 'apellido_paterno232', 'apellido_materno232', 'direccion232', 113, '0001');
INSERT INTO estudiante(id_estudiante, rut, nombre, apellido_pat, apellido_mat, direccion, codigo_comuna, codigo_curso) VALUES (234, '18000233-3', 'nombre_estudiante233', 'apellido_paterno233', 'apellido_materno233', 'direccion233', 252, '0001');
INSERT INTO estudiante(id_estudiante, rut, nombre, apellido_pat, apellido_mat, direccion, codigo_comuna, codigo_curso) VALUES (235, '18000234-4', 'nombre_estudiante234', 'apellido_paterno234', 'apellido_materno234', 'direccion234', 227, '0001');
INSERT INTO estudiante(id_estudiante, rut, nombre, apellido_pat, apellido_mat, direccion, codigo_comuna, codigo_curso) VALUES (236, '18000235-5', 'nombre_estudiante235', 'apellido_paterno235', 'apellido_materno235', 'direccion235', 269, '0001');
INSERT INTO estudiante(id_estudiante, rut, nombre, apellido_pat, apellido_mat, direccion, codigo_comuna, codigo_curso) VALUES (237, '18000236-6', 'nombre_estudiante236', 'apellido_paterno236', 'apellido_materno236', 'direccion236', 320, '0001');
INSERT INTO estudiante(id_estudiante, rut, nombre, apellido_pat, apellido_mat, direccion, codigo_comuna, codigo_curso) VALUES (238, '18000237-7', 'nombre_estudiante237', 'apellido_paterno237', 'apellido_materno237', 'direccion237', 117, '0001');
INSERT INTO estudiante(id_estudiante, rut, nombre, apellido_pat, apellido_mat, direccion, codigo_comuna, codigo_curso) VALUES (239, '18000238-8', 'nombre_estudiante238', 'apellido_paterno238', 'apellido_materno238', 'direccion238', 19, '0001');
INSERT INTO estudiante(id_estudiante, rut, nombre, apellido_pat, apellido_mat, direccion, codigo_comuna, codigo_curso) VALUES (240, '18000239-9', 'nombre_estudiante239', 'apellido_paterno239', 'apellido_materno239', 'direccion239', 307, '0001');
INSERT INTO estudiante(id_estudiante, rut, nombre, apellido_pat, apellido_mat, direccion, codigo_comuna, codigo_curso) VALUES (241, '18000240-0', 'nombre_estudiante240', 'apellido_paterno240', 'apellido_materno240', 'direccion240', 92, '0031');
INSERT INTO estudiante(id_estudiante, rut, nombre, apellido_pat, apellido_mat, direccion, codigo_comuna, codigo_curso) VALUES (242, '18000241-1', 'nombre_estudiante241', 'apellido_paterno241', 'apellido_materno241', 'direccion241', 161, '0031');
INSERT INTO estudiante(id_estudiante, rut, nombre, apellido_pat, apellido_mat, direccion, codigo_comuna, codigo_curso) VALUES (243, '18000242-2', 'nombre_estudiante242', 'apellido_paterno242', 'apellido_materno242', 'direccion242', 235, '0031');
INSERT INTO estudiante(id_estudiante, rut, nombre, apellido_pat, apellido_mat, direccion, codigo_comuna, codigo_curso) VALUES (244, '18000243-3', 'nombre_estudiante243', 'apellido_paterno243', 'apellido_materno243', 'direccion243', 297, '0031');
INSERT INTO estudiante(id_estudiante, rut, nombre, apellido_pat, apellido_mat, direccion, codigo_comuna, codigo_curso) VALUES (245, '18000244-4', 'nombre_estudiante244', 'apellido_paterno244', 'apellido_materno244', 'direccion244', 179, '0031');
INSERT INTO estudiante(id_estudiante, rut, nombre, apellido_pat, apellido_mat, direccion, codigo_comuna, codigo_curso) VALUES (246, '18000245-5', 'nombre_estudiante245', 'apellido_paterno245', 'apellido_materno245', 'direccion245', 61, '0031');
INSERT INTO estudiante(id_estudiante, rut, nombre, apellido_pat, apellido_mat, direccion, codigo_comuna, codigo_curso) VALUES (247, '18000246-6', 'nombre_estudiante246', 'apellido_paterno246', 'apellido_materno246', 'direccion246', 6, '0031');
INSERT INTO estudiante(id_estudiante, rut, nombre, apellido_pat, apellido_mat, direccion, codigo_comuna, codigo_curso) VALUES (248, '18000247-7', 'nombre_estudiante247', 'apellido_paterno247', 'apellido_materno247', 'direccion247', 292, '0031');
INSERT INTO estudiante(id_estudiante, rut, nombre, apellido_pat, apellido_mat, direccion, codigo_comuna, codigo_curso) VALUES (249, '18000248-8', 'nombre_estudiante248', 'apellido_paterno248', 'apellido_materno248', 'direccion248', 128, '0031');
INSERT INTO estudiante(id_estudiante, rut, nombre, apellido_pat, apellido_mat, direccion, codigo_comuna, codigo_curso) VALUES (250, '18000249-9', 'nombre_estudiante249', 'apellido_paterno249', 'apellido_materno249', 'direccion249', 267, '0031');
INSERT INTO estudiante(id_estudiante, rut, nombre, apellido_pat, apellido_mat, direccion, codigo_comuna, codigo_curso) VALUES (251, '18000250-0', 'nombre_estudiante250', 'apellido_paterno250', 'apellido_materno250', 'direccion250', 227, '0031');
INSERT INTO estudiante(id_estudiante, rut, nombre, apellido_pat, apellido_mat, direccion, codigo_comuna, codigo_curso) VALUES (252, '18000251-1', 'nombre_estudiante251', 'apellido_paterno251', 'apellido_materno251', 'direccion251', 263, '0031');
INSERT INTO estudiante(id_estudiante, rut, nombre, apellido_pat, apellido_mat, direccion, codigo_comuna, codigo_curso) VALUES (253, '18000252-2', 'nombre_estudiante252', 'apellido_paterno252', 'apellido_materno252', 'direccion252', 128, '0031');
INSERT INTO estudiante(id_estudiante, rut, nombre, apellido_pat, apellido_mat, direccion, codigo_comuna, codigo_curso) VALUES (254, '18000253-3', 'nombre_estudiante253', 'apellido_paterno253', 'apellido_materno253', 'direccion253', 134, '0031');
INSERT INTO estudiante(id_estudiante, rut, nombre, apellido_pat, apellido_mat, direccion, codigo_comuna, codigo_curso) VALUES (255, '18000254-4', 'nombre_estudiante254', 'apellido_paterno254', 'apellido_materno254', 'direccion254', 289, '0031');
INSERT INTO estudiante(id_estudiante, rut, nombre, apellido_pat, apellido_mat, direccion, codigo_comuna, codigo_curso) VALUES (256, '18000255-5', 'nombre_estudiante255', 'apellido_paterno255', 'apellido_materno255', 'direccion255', 26, '0031');
INSERT INTO estudiante(id_estudiante, rut, nombre, apellido_pat, apellido_mat, direccion, codigo_comuna, codigo_curso) VALUES (257, '18000256-6', 'nombre_estudiante256', 'apellido_paterno256', 'apellido_materno256', 'direccion256', 295, '0031');
INSERT INTO estudiante(id_estudiante, rut, nombre, apellido_pat, apellido_mat, direccion, codigo_comuna, codigo_curso) VALUES (258, '18000257-7', 'nombre_estudiante257', 'apellido_paterno257', 'apellido_materno257', 'direccion257', 138, '0031');
INSERT INTO estudiante(id_estudiante, rut, nombre, apellido_pat, apellido_mat, direccion, codigo_comuna, codigo_curso) VALUES (259, '18000258-8', 'nombre_estudiante258', 'apellido_paterno258', 'apellido_materno258', 'direccion258', 11, '0031');
INSERT INTO estudiante(id_estudiante, rut, nombre, apellido_pat, apellido_mat, direccion, codigo_comuna, codigo_curso) VALUES (260, '18000259-9', 'nombre_estudiante259', 'apellido_paterno259', 'apellido_materno259', 'direccion259', 58, '0031');
INSERT INTO estudiante(id_estudiante, rut, nombre, apellido_pat, apellido_mat, direccion, codigo_comuna, codigo_curso) VALUES (261, '18000260-0', 'nombre_estudiante260', 'apellido_paterno260', 'apellido_materno260', 'direccion260', 192, '0031');
INSERT INTO estudiante(id_estudiante, rut, nombre, apellido_pat, apellido_mat, direccion, codigo_comuna, codigo_curso) VALUES (262, '18000261-1', 'nombre_estudiante261', 'apellido_paterno261', 'apellido_materno261', 'direccion261', 265, '0031');
INSERT INTO estudiante(id_estudiante, rut, nombre, apellido_pat, apellido_mat, direccion, codigo_comuna, codigo_curso) VALUES (263, '18000262-2', 'nombre_estudiante262', 'apellido_paterno262', 'apellido_materno262', 'direccion262', 186, '0031');
INSERT INTO estudiante(id_estudiante, rut, nombre, apellido_pat, apellido_mat, direccion, codigo_comuna, codigo_curso) VALUES (264, '18000263-3', 'nombre_estudiante263', 'apellido_paterno263', 'apellido_materno263', 'direccion263', 187, '0031');
INSERT INTO estudiante(id_estudiante, rut, nombre, apellido_pat, apellido_mat, direccion, codigo_comuna, codigo_curso) VALUES (265, '18000264-4', 'nombre_estudiante264', 'apellido_paterno264', 'apellido_materno264', 'direccion264', 128, '0031');
INSERT INTO estudiante(id_estudiante, rut, nombre, apellido_pat, apellido_mat, direccion, codigo_comuna, codigo_curso) VALUES (266, '18000265-5', 'nombre_estudiante265', 'apellido_paterno265', 'apellido_materno265', 'direccion265', 129, '0031');
INSERT INTO estudiante(id_estudiante, rut, nombre, apellido_pat, apellido_mat, direccion, codigo_comuna, codigo_curso) VALUES (267, '18000266-6', 'nombre_estudiante266', 'apellido_paterno266', 'apellido_materno266', 'direccion266', 174, '0031');
INSERT INTO estudiante(id_estudiante, rut, nombre, apellido_pat, apellido_mat, direccion, codigo_comuna, codigo_curso) VALUES (268, '18000267-7', 'nombre_estudiante267', 'apellido_paterno267', 'apellido_materno267', 'direccion267', 34, '0031');
INSERT INTO estudiante(id_estudiante, rut, nombre, apellido_pat, apellido_mat, direccion, codigo_comuna, codigo_curso) VALUES (269, '18000268-8', 'nombre_estudiante268', 'apellido_paterno268', 'apellido_materno268', 'direccion268', 49, '0031');
INSERT INTO estudiante(id_estudiante, rut, nombre, apellido_pat, apellido_mat, direccion, codigo_comuna, codigo_curso) VALUES (270, '18000269-9', 'nombre_estudiante269', 'apellido_paterno269', 'apellido_materno269', 'direccion269', 206, '0031');
INSERT INTO estudiante(id_estudiante, rut, nombre, apellido_pat, apellido_mat, direccion, codigo_comuna, codigo_curso) VALUES (271, '18000270-0', 'nombre_estudiante270', 'apellido_paterno270', 'apellido_materno270', 'direccion270', 141, '0046');
INSERT INTO estudiante(id_estudiante, rut, nombre, apellido_pat, apellido_mat, direccion, codigo_comuna, codigo_curso) VALUES (272, '18000271-1', 'nombre_estudiante271', 'apellido_paterno271', 'apellido_materno271', 'direccion271', 247, '0046');
INSERT INTO estudiante(id_estudiante, rut, nombre, apellido_pat, apellido_mat, direccion, codigo_comuna, codigo_curso) VALUES (273, '18000272-2', 'nombre_estudiante272', 'apellido_paterno272', 'apellido_materno272', 'direccion272', 248, '0046');
INSERT INTO estudiante(id_estudiante, rut, nombre, apellido_pat, apellido_mat, direccion, codigo_comuna, codigo_curso) VALUES (274, '18000273-3', 'nombre_estudiante273', 'apellido_paterno273', 'apellido_materno273', 'direccion273', 100, '0046');
INSERT INTO estudiante(id_estudiante, rut, nombre, apellido_pat, apellido_mat, direccion, codigo_comuna, codigo_curso) VALUES (275, '18000274-4', 'nombre_estudiante274', 'apellido_paterno274', 'apellido_materno274', 'direccion274', 115, '0046');
INSERT INTO estudiante(id_estudiante, rut, nombre, apellido_pat, apellido_mat, direccion, codigo_comuna, codigo_curso) VALUES (276, '18000275-5', 'nombre_estudiante275', 'apellido_paterno275', 'apellido_materno275', 'direccion275', 320, '0046');
INSERT INTO estudiante(id_estudiante, rut, nombre, apellido_pat, apellido_mat, direccion, codigo_comuna, codigo_curso) VALUES (277, '18000276-6', 'nombre_estudiante276', 'apellido_paterno276', 'apellido_materno276', 'direccion276', 225, '0046');
INSERT INTO estudiante(id_estudiante, rut, nombre, apellido_pat, apellido_mat, direccion, codigo_comuna, codigo_curso) VALUES (278, '18000277-7', 'nombre_estudiante277', 'apellido_paterno277', 'apellido_materno277', 'direccion277', 141, '0046');
INSERT INTO estudiante(id_estudiante, rut, nombre, apellido_pat, apellido_mat, direccion, codigo_comuna, codigo_curso) VALUES (279, '18000278-8', 'nombre_estudiante278', 'apellido_paterno278', 'apellido_materno278', 'direccion278', 236, '0046');
INSERT INTO estudiante(id_estudiante, rut, nombre, apellido_pat, apellido_mat, direccion, codigo_comuna, codigo_curso) VALUES (280, '18000279-9', 'nombre_estudiante279', 'apellido_paterno279', 'apellido_materno279', 'direccion279', 140, '0046');
INSERT INTO estudiante(id_estudiante, rut, nombre, apellido_pat, apellido_mat, direccion, codigo_comuna, codigo_curso) VALUES (281, '18000280-0', 'nombre_estudiante280', 'apellido_paterno280', 'apellido_materno280', 'direccion280', 156, '0046');
INSERT INTO estudiante(id_estudiante, rut, nombre, apellido_pat, apellido_mat, direccion, codigo_comuna, codigo_curso) VALUES (282, '18000281-1', 'nombre_estudiante281', 'apellido_paterno281', 'apellido_materno281', 'direccion281', 277, '0046');
INSERT INTO estudiante(id_estudiante, rut, nombre, apellido_pat, apellido_mat, direccion, codigo_comuna, codigo_curso) VALUES (283, '18000282-2', 'nombre_estudiante282', 'apellido_paterno282', 'apellido_materno282', 'direccion282', 303, '0046');
INSERT INTO estudiante(id_estudiante, rut, nombre, apellido_pat, apellido_mat, direccion, codigo_comuna, codigo_curso) VALUES (284, '18000283-3', 'nombre_estudiante283', 'apellido_paterno283', 'apellido_materno283', 'direccion283', 325, '0046');
INSERT INTO estudiante(id_estudiante, rut, nombre, apellido_pat, apellido_mat, direccion, codigo_comuna, codigo_curso) VALUES (285, '18000284-4', 'nombre_estudiante284', 'apellido_paterno284', 'apellido_materno284', 'direccion284', 24, '0046');
INSERT INTO estudiante(id_estudiante, rut, nombre, apellido_pat, apellido_mat, direccion, codigo_comuna, codigo_curso) VALUES (286, '18000285-5', 'nombre_estudiante285', 'apellido_paterno285', 'apellido_materno285', 'direccion285', 71, '0046');
INSERT INTO estudiante(id_estudiante, rut, nombre, apellido_pat, apellido_mat, direccion, codigo_comuna, codigo_curso) VALUES (287, '18000286-6', 'nombre_estudiante286', 'apellido_paterno286', 'apellido_materno286', 'direccion286', 276, '0046');
INSERT INTO estudiante(id_estudiante, rut, nombre, apellido_pat, apellido_mat, direccion, codigo_comuna, codigo_curso) VALUES (288, '18000287-7', 'nombre_estudiante287', 'apellido_paterno287', 'apellido_materno287', 'direccion287', 260, '0046');
INSERT INTO estudiante(id_estudiante, rut, nombre, apellido_pat, apellido_mat, direccion, codigo_comuna, codigo_curso) VALUES (289, '18000288-8', 'nombre_estudiante288', 'apellido_paterno288', 'apellido_materno288', 'direccion288', 75, '0046');
INSERT INTO estudiante(id_estudiante, rut, nombre, apellido_pat, apellido_mat, direccion, codigo_comuna, codigo_curso) VALUES (290, '18000289-9', 'nombre_estudiante289', 'apellido_paterno289', 'apellido_materno289', 'direccion289', 97, '0046');
INSERT INTO estudiante(id_estudiante, rut, nombre, apellido_pat, apellido_mat, direccion, codigo_comuna, codigo_curso) VALUES (291, '18000290-0', 'nombre_estudiante290', 'apellido_paterno290', 'apellido_materno290', 'direccion290', 61, '0046');
INSERT INTO estudiante(id_estudiante, rut, nombre, apellido_pat, apellido_mat, direccion, codigo_comuna, codigo_curso) VALUES (292, '18000291-1', 'nombre_estudiante291', 'apellido_paterno291', 'apellido_materno291', 'direccion291', 277, '0046');
INSERT INTO estudiante(id_estudiante, rut, nombre, apellido_pat, apellido_mat, direccion, codigo_comuna, codigo_curso) VALUES (293, '18000292-2', 'nombre_estudiante292', 'apellido_paterno292', 'apellido_materno292', 'direccion292', 183, '0046');
INSERT INTO estudiante(id_estudiante, rut, nombre, apellido_pat, apellido_mat, direccion, codigo_comuna, codigo_curso) VALUES (294, '18000293-3', 'nombre_estudiante293', 'apellido_paterno293', 'apellido_materno293', 'direccion293', 224, '0046');
INSERT INTO estudiante(id_estudiante, rut, nombre, apellido_pat, apellido_mat, direccion, codigo_comuna, codigo_curso) VALUES (295, '18000294-4', 'nombre_estudiante294', 'apellido_paterno294', 'apellido_materno294', 'direccion294', 318, '0046');
INSERT INTO estudiante(id_estudiante, rut, nombre, apellido_pat, apellido_mat, direccion, codigo_comuna, codigo_curso) VALUES (296, '18000295-5', 'nombre_estudiante295', 'apellido_paterno295', 'apellido_materno295', 'direccion295', 7, '0046');
INSERT INTO estudiante(id_estudiante, rut, nombre, apellido_pat, apellido_mat, direccion, codigo_comuna, codigo_curso) VALUES (297, '18000296-6', 'nombre_estudiante296', 'apellido_paterno296', 'apellido_materno296', 'direccion296', 315, '0046');
INSERT INTO estudiante(id_estudiante, rut, nombre, apellido_pat, apellido_mat, direccion, codigo_comuna, codigo_curso) VALUES (298, '18000297-7', 'nombre_estudiante297', 'apellido_paterno297', 'apellido_materno297', 'direccion297', 93, '0046');
INSERT INTO estudiante(id_estudiante, rut, nombre, apellido_pat, apellido_mat, direccion, codigo_comuna, codigo_curso) VALUES (299, '18000298-8', 'nombre_estudiante298', 'apellido_paterno298', 'apellido_materno298', 'direccion298', 207, '0046');
INSERT INTO estudiante(id_estudiante, rut, nombre, apellido_pat, apellido_mat, direccion, codigo_comuna, codigo_curso) VALUES (300, '18000299-9', 'nombre_estudiante299', 'apellido_paterno299', 'apellido_materno299', 'direccion299', 291, '0046');
INSERT INTO estudiante(id_estudiante, rut, nombre, apellido_pat, apellido_mat, direccion, codigo_comuna, codigo_curso) VALUES (301, '18000300-0', 'nombre_estudiante300', 'apellido_paterno300', 'apellido_materno300', 'direccion300', 22, '0012');
INSERT INTO estudiante(id_estudiante, rut, nombre, apellido_pat, apellido_mat, direccion, codigo_comuna, codigo_curso) VALUES (302, '18000301-1', 'nombre_estudiante301', 'apellido_paterno301', 'apellido_materno301', 'direccion301', 214, '0012');
INSERT INTO estudiante(id_estudiante, rut, nombre, apellido_pat, apellido_mat, direccion, codigo_comuna, codigo_curso) VALUES (303, '18000302-2', 'nombre_estudiante302', 'apellido_paterno302', 'apellido_materno302', 'direccion302', 196, '0012');
INSERT INTO estudiante(id_estudiante, rut, nombre, apellido_pat, apellido_mat, direccion, codigo_comuna, codigo_curso) VALUES (304, '18000303-3', 'nombre_estudiante303', 'apellido_paterno303', 'apellido_materno303', 'direccion303', 118, '0012');
INSERT INTO estudiante(id_estudiante, rut, nombre, apellido_pat, apellido_mat, direccion, codigo_comuna, codigo_curso) VALUES (305, '18000304-4', 'nombre_estudiante304', 'apellido_paterno304', 'apellido_materno304', 'direccion304', 222, '0012');
INSERT INTO estudiante(id_estudiante, rut, nombre, apellido_pat, apellido_mat, direccion, codigo_comuna, codigo_curso) VALUES (306, '18000305-5', 'nombre_estudiante305', 'apellido_paterno305', 'apellido_materno305', 'direccion305', 209, '0012');
INSERT INTO estudiante(id_estudiante, rut, nombre, apellido_pat, apellido_mat, direccion, codigo_comuna, codigo_curso) VALUES (307, '18000306-6', 'nombre_estudiante306', 'apellido_paterno306', 'apellido_materno306', 'direccion306', 216, '0012');
INSERT INTO estudiante(id_estudiante, rut, nombre, apellido_pat, apellido_mat, direccion, codigo_comuna, codigo_curso) VALUES (308, '18000307-7', 'nombre_estudiante307', 'apellido_paterno307', 'apellido_materno307', 'direccion307', 41, '0012');
INSERT INTO estudiante(id_estudiante, rut, nombre, apellido_pat, apellido_mat, direccion, codigo_comuna, codigo_curso) VALUES (309, '18000308-8', 'nombre_estudiante308', 'apellido_paterno308', 'apellido_materno308', 'direccion308', 66, '0012');
INSERT INTO estudiante(id_estudiante, rut, nombre, apellido_pat, apellido_mat, direccion, codigo_comuna, codigo_curso) VALUES (310, '18000309-9', 'nombre_estudiante309', 'apellido_paterno309', 'apellido_materno309', 'direccion309', 179, '0012');
INSERT INTO estudiante(id_estudiante, rut, nombre, apellido_pat, apellido_mat, direccion, codigo_comuna, codigo_curso) VALUES (311, '18000310-0', 'nombre_estudiante310', 'apellido_paterno310', 'apellido_materno310', 'direccion310', 313, '0012');
INSERT INTO estudiante(id_estudiante, rut, nombre, apellido_pat, apellido_mat, direccion, codigo_comuna, codigo_curso) VALUES (312, '18000311-1', 'nombre_estudiante311', 'apellido_paterno311', 'apellido_materno311', 'direccion311', 158, '0012');
INSERT INTO estudiante(id_estudiante, rut, nombre, apellido_pat, apellido_mat, direccion, codigo_comuna, codigo_curso) VALUES (313, '18000312-2', 'nombre_estudiante312', 'apellido_paterno312', 'apellido_materno312', 'direccion312', 182, '0012');
INSERT INTO estudiante(id_estudiante, rut, nombre, apellido_pat, apellido_mat, direccion, codigo_comuna, codigo_curso) VALUES (314, '18000313-3', 'nombre_estudiante313', 'apellido_paterno313', 'apellido_materno313', 'direccion313', 340, '0012');
INSERT INTO estudiante(id_estudiante, rut, nombre, apellido_pat, apellido_mat, direccion, codigo_comuna, codigo_curso) VALUES (315, '18000314-4', 'nombre_estudiante314', 'apellido_paterno314', 'apellido_materno314', 'direccion314', 163, '0012');
INSERT INTO estudiante(id_estudiante, rut, nombre, apellido_pat, apellido_mat, direccion, codigo_comuna, codigo_curso) VALUES (316, '18000315-5', 'nombre_estudiante315', 'apellido_paterno315', 'apellido_materno315', 'direccion315', 204, '0012');
INSERT INTO estudiante(id_estudiante, rut, nombre, apellido_pat, apellido_mat, direccion, codigo_comuna, codigo_curso) VALUES (317, '18000316-6', 'nombre_estudiante316', 'apellido_paterno316', 'apellido_materno316', 'direccion316', 124, '0012');
INSERT INTO estudiante(id_estudiante, rut, nombre, apellido_pat, apellido_mat, direccion, codigo_comuna, codigo_curso) VALUES (318, '18000317-7', 'nombre_estudiante317', 'apellido_paterno317', 'apellido_materno317', 'direccion317', 314, '0012');
INSERT INTO estudiante(id_estudiante, rut, nombre, apellido_pat, apellido_mat, direccion, codigo_comuna, codigo_curso) VALUES (319, '18000318-8', 'nombre_estudiante318', 'apellido_paterno318', 'apellido_materno318', 'direccion318', 285, '0012');
INSERT INTO estudiante(id_estudiante, rut, nombre, apellido_pat, apellido_mat, direccion, codigo_comuna, codigo_curso) VALUES (320, '18000319-9', 'nombre_estudiante319', 'apellido_paterno319', 'apellido_materno319', 'direccion319', 31, '0012');
INSERT INTO estudiante(id_estudiante, rut, nombre, apellido_pat, apellido_mat, direccion, codigo_comuna, codigo_curso) VALUES (321, '18000320-0', 'nombre_estudiante320', 'apellido_paterno320', 'apellido_materno320', 'direccion320', 292, '0012');
INSERT INTO estudiante(id_estudiante, rut, nombre, apellido_pat, apellido_mat, direccion, codigo_comuna, codigo_curso) VALUES (322, '18000321-1', 'nombre_estudiante321', 'apellido_paterno321', 'apellido_materno321', 'direccion321', 95, '0012');
INSERT INTO estudiante(id_estudiante, rut, nombre, apellido_pat, apellido_mat, direccion, codigo_comuna, codigo_curso) VALUES (323, '18000322-2', 'nombre_estudiante322', 'apellido_paterno322', 'apellido_materno322', 'direccion322', 228, '0012');
INSERT INTO estudiante(id_estudiante, rut, nombre, apellido_pat, apellido_mat, direccion, codigo_comuna, codigo_curso) VALUES (324, '18000323-3', 'nombre_estudiante323', 'apellido_paterno323', 'apellido_materno323', 'direccion323', 171, '0012');
INSERT INTO estudiante(id_estudiante, rut, nombre, apellido_pat, apellido_mat, direccion, codigo_comuna, codigo_curso) VALUES (325, '18000324-4', 'nombre_estudiante324', 'apellido_paterno324', 'apellido_materno324', 'direccion324', 169, '0012');
INSERT INTO estudiante(id_estudiante, rut, nombre, apellido_pat, apellido_mat, direccion, codigo_comuna, codigo_curso) VALUES (326, '18000325-5', 'nombre_estudiante325', 'apellido_paterno325', 'apellido_materno325', 'direccion325', 74, '0012');
INSERT INTO estudiante(id_estudiante, rut, nombre, apellido_pat, apellido_mat, direccion, codigo_comuna, codigo_curso) VALUES (327, '18000326-6', 'nombre_estudiante326', 'apellido_paterno326', 'apellido_materno326', 'direccion326', 103, '0012');
INSERT INTO estudiante(id_estudiante, rut, nombre, apellido_pat, apellido_mat, direccion, codigo_comuna, codigo_curso) VALUES (328, '18000327-7', 'nombre_estudiante327', 'apellido_paterno327', 'apellido_materno327', 'direccion327', 4, '0012');
INSERT INTO estudiante(id_estudiante, rut, nombre, apellido_pat, apellido_mat, direccion, codigo_comuna, codigo_curso) VALUES (329, '18000328-8', 'nombre_estudiante328', 'apellido_paterno328', 'apellido_materno328', 'direccion328', 122, '0012');
INSERT INTO estudiante(id_estudiante, rut, nombre, apellido_pat, apellido_mat, direccion, codigo_comuna, codigo_curso) VALUES (330, '18000329-9', 'nombre_estudiante329', 'apellido_paterno329', 'apellido_materno329', 'direccion329', 124, '0012');
INSERT INTO estudiante(id_estudiante, rut, nombre, apellido_pat, apellido_mat, direccion, codigo_comuna, codigo_curso) VALUES (331, '18000330-0', 'nombre_estudiante330', 'apellido_paterno330', 'apellido_materno330', 'direccion330', 103, '0003');
INSERT INTO estudiante(id_estudiante, rut, nombre, apellido_pat, apellido_mat, direccion, codigo_comuna, codigo_curso) VALUES (332, '18000331-1', 'nombre_estudiante331', 'apellido_paterno331', 'apellido_materno331', 'direccion331', 65, '0003');
INSERT INTO estudiante(id_estudiante, rut, nombre, apellido_pat, apellido_mat, direccion, codigo_comuna, codigo_curso) VALUES (333, '18000332-2', 'nombre_estudiante332', 'apellido_paterno332', 'apellido_materno332', 'direccion332', 218, '0003');
INSERT INTO estudiante(id_estudiante, rut, nombre, apellido_pat, apellido_mat, direccion, codigo_comuna, codigo_curso) VALUES (334, '18000333-3', 'nombre_estudiante333', 'apellido_paterno333', 'apellido_materno333', 'direccion333', 14, '0003');
INSERT INTO estudiante(id_estudiante, rut, nombre, apellido_pat, apellido_mat, direccion, codigo_comuna, codigo_curso) VALUES (335, '18000334-4', 'nombre_estudiante334', 'apellido_paterno334', 'apellido_materno334', 'direccion334', 333, '0003');
INSERT INTO estudiante(id_estudiante, rut, nombre, apellido_pat, apellido_mat, direccion, codigo_comuna, codigo_curso) VALUES (336, '18000335-5', 'nombre_estudiante335', 'apellido_paterno335', 'apellido_materno335', 'direccion335', 75, '0003');
INSERT INTO estudiante(id_estudiante, rut, nombre, apellido_pat, apellido_mat, direccion, codigo_comuna, codigo_curso) VALUES (337, '18000336-6', 'nombre_estudiante336', 'apellido_paterno336', 'apellido_materno336', 'direccion336', 221, '0003');
INSERT INTO estudiante(id_estudiante, rut, nombre, apellido_pat, apellido_mat, direccion, codigo_comuna, codigo_curso) VALUES (338, '18000337-7', 'nombre_estudiante337', 'apellido_paterno337', 'apellido_materno337', 'direccion337', 255, '0003');
INSERT INTO estudiante(id_estudiante, rut, nombre, apellido_pat, apellido_mat, direccion, codigo_comuna, codigo_curso) VALUES (339, '18000338-8', 'nombre_estudiante338', 'apellido_paterno338', 'apellido_materno338', 'direccion338', 181, '0003');
INSERT INTO estudiante(id_estudiante, rut, nombre, apellido_pat, apellido_mat, direccion, codigo_comuna, codigo_curso) VALUES (340, '18000339-9', 'nombre_estudiante339', 'apellido_paterno339', 'apellido_materno339', 'direccion339', 115, '0003');
INSERT INTO estudiante(id_estudiante, rut, nombre, apellido_pat, apellido_mat, direccion, codigo_comuna, codigo_curso) VALUES (341, '18000340-0', 'nombre_estudiante340', 'apellido_paterno340', 'apellido_materno340', 'direccion340', 251, '0003');
INSERT INTO estudiante(id_estudiante, rut, nombre, apellido_pat, apellido_mat, direccion, codigo_comuna, codigo_curso) VALUES (342, '18000341-1', 'nombre_estudiante341', 'apellido_paterno341', 'apellido_materno341', 'direccion341', 12, '0003');
INSERT INTO estudiante(id_estudiante, rut, nombre, apellido_pat, apellido_mat, direccion, codigo_comuna, codigo_curso) VALUES (343, '18000342-2', 'nombre_estudiante342', 'apellido_paterno342', 'apellido_materno342', 'direccion342', 178, '0003');
INSERT INTO estudiante(id_estudiante, rut, nombre, apellido_pat, apellido_mat, direccion, codigo_comuna, codigo_curso) VALUES (344, '18000343-3', 'nombre_estudiante343', 'apellido_paterno343', 'apellido_materno343', 'direccion343', 54, '0003');
INSERT INTO estudiante(id_estudiante, rut, nombre, apellido_pat, apellido_mat, direccion, codigo_comuna, codigo_curso) VALUES (345, '18000344-4', 'nombre_estudiante344', 'apellido_paterno344', 'apellido_materno344', 'direccion344', 217, '0003');
INSERT INTO estudiante(id_estudiante, rut, nombre, apellido_pat, apellido_mat, direccion, codigo_comuna, codigo_curso) VALUES (346, '18000345-5', 'nombre_estudiante345', 'apellido_paterno345', 'apellido_materno345', 'direccion345', 98, '0003');
INSERT INTO estudiante(id_estudiante, rut, nombre, apellido_pat, apellido_mat, direccion, codigo_comuna, codigo_curso) VALUES (347, '18000346-6', 'nombre_estudiante346', 'apellido_paterno346', 'apellido_materno346', 'direccion346', 24, '0003');
INSERT INTO estudiante(id_estudiante, rut, nombre, apellido_pat, apellido_mat, direccion, codigo_comuna, codigo_curso) VALUES (348, '18000347-7', 'nombre_estudiante347', 'apellido_paterno347', 'apellido_materno347', 'direccion347', 6, '0003');
INSERT INTO estudiante(id_estudiante, rut, nombre, apellido_pat, apellido_mat, direccion, codigo_comuna, codigo_curso) VALUES (349, '18000348-8', 'nombre_estudiante348', 'apellido_paterno348', 'apellido_materno348', 'direccion348', 338, '0003');
INSERT INTO estudiante(id_estudiante, rut, nombre, apellido_pat, apellido_mat, direccion, codigo_comuna, codigo_curso) VALUES (350, '18000349-9', 'nombre_estudiante349', 'apellido_paterno349', 'apellido_materno349', 'direccion349', 55, '0003');
INSERT INTO estudiante(id_estudiante, rut, nombre, apellido_pat, apellido_mat, direccion, codigo_comuna, codigo_curso) VALUES (351, '18000350-0', 'nombre_estudiante350', 'apellido_paterno350', 'apellido_materno350', 'direccion350', 256, '0003');
INSERT INTO estudiante(id_estudiante, rut, nombre, apellido_pat, apellido_mat, direccion, codigo_comuna, codigo_curso) VALUES (352, '18000351-1', 'nombre_estudiante351', 'apellido_paterno351', 'apellido_materno351', 'direccion351', 74, '0003');
INSERT INTO estudiante(id_estudiante, rut, nombre, apellido_pat, apellido_mat, direccion, codigo_comuna, codigo_curso) VALUES (353, '18000352-2', 'nombre_estudiante352', 'apellido_paterno352', 'apellido_materno352', 'direccion352', 27, '0003');
INSERT INTO estudiante(id_estudiante, rut, nombre, apellido_pat, apellido_mat, direccion, codigo_comuna, codigo_curso) VALUES (354, '18000353-3', 'nombre_estudiante353', 'apellido_paterno353', 'apellido_materno353', 'direccion353', 339, '0003');
INSERT INTO estudiante(id_estudiante, rut, nombre, apellido_pat, apellido_mat, direccion, codigo_comuna, codigo_curso) VALUES (355, '18000354-4', 'nombre_estudiante354', 'apellido_paterno354', 'apellido_materno354', 'direccion354', 118, '0003');
INSERT INTO estudiante(id_estudiante, rut, nombre, apellido_pat, apellido_mat, direccion, codigo_comuna, codigo_curso) VALUES (356, '18000355-5', 'nombre_estudiante355', 'apellido_paterno355', 'apellido_materno355', 'direccion355', 108, '0003');
INSERT INTO estudiante(id_estudiante, rut, nombre, apellido_pat, apellido_mat, direccion, codigo_comuna, codigo_curso) VALUES (357, '18000356-6', 'nombre_estudiante356', 'apellido_paterno356', 'apellido_materno356', 'direccion356', 272, '0003');
INSERT INTO estudiante(id_estudiante, rut, nombre, apellido_pat, apellido_mat, direccion, codigo_comuna, codigo_curso) VALUES (358, '18000357-7', 'nombre_estudiante357', 'apellido_paterno357', 'apellido_materno357', 'direccion357', 194, '0003');
INSERT INTO estudiante(id_estudiante, rut, nombre, apellido_pat, apellido_mat, direccion, codigo_comuna, codigo_curso) VALUES (359, '18000358-8', 'nombre_estudiante358', 'apellido_paterno358', 'apellido_materno358', 'direccion358', 277, '0003');
INSERT INTO estudiante(id_estudiante, rut, nombre, apellido_pat, apellido_mat, direccion, codigo_comuna, codigo_curso) VALUES (360, '18000359-9', 'nombre_estudiante359', 'apellido_paterno359', 'apellido_materno359', 'direccion359', 130, '0003');
INSERT INTO estudiante(id_estudiante, rut, nombre, apellido_pat, apellido_mat, direccion, codigo_comuna, codigo_curso) VALUES (361, '18000360-0', 'nombre_estudiante360', 'apellido_paterno360', 'apellido_materno360', 'direccion360', 185, '0027');
INSERT INTO estudiante(id_estudiante, rut, nombre, apellido_pat, apellido_mat, direccion, codigo_comuna, codigo_curso) VALUES (362, '18000361-1', 'nombre_estudiante361', 'apellido_paterno361', 'apellido_materno361', 'direccion361', 79, '0027');
INSERT INTO estudiante(id_estudiante, rut, nombre, apellido_pat, apellido_mat, direccion, codigo_comuna, codigo_curso) VALUES (363, '18000362-2', 'nombre_estudiante362', 'apellido_paterno362', 'apellido_materno362', 'direccion362', 171, '0027');
INSERT INTO estudiante(id_estudiante, rut, nombre, apellido_pat, apellido_mat, direccion, codigo_comuna, codigo_curso) VALUES (364, '18000363-3', 'nombre_estudiante363', 'apellido_paterno363', 'apellido_materno363', 'direccion363', 139, '0027');
INSERT INTO estudiante(id_estudiante, rut, nombre, apellido_pat, apellido_mat, direccion, codigo_comuna, codigo_curso) VALUES (365, '18000364-4', 'nombre_estudiante364', 'apellido_paterno364', 'apellido_materno364', 'direccion364', 296, '0027');
INSERT INTO estudiante(id_estudiante, rut, nombre, apellido_pat, apellido_mat, direccion, codigo_comuna, codigo_curso) VALUES (366, '18000365-5', 'nombre_estudiante365', 'apellido_paterno365', 'apellido_materno365', 'direccion365', 322, '0027');
INSERT INTO estudiante(id_estudiante, rut, nombre, apellido_pat, apellido_mat, direccion, codigo_comuna, codigo_curso) VALUES (367, '18000366-6', 'nombre_estudiante366', 'apellido_paterno366', 'apellido_materno366', 'direccion366', 42, '0027');
INSERT INTO estudiante(id_estudiante, rut, nombre, apellido_pat, apellido_mat, direccion, codigo_comuna, codigo_curso) VALUES (368, '18000367-7', 'nombre_estudiante367', 'apellido_paterno367', 'apellido_materno367', 'direccion367', 331, '0027');
INSERT INTO estudiante(id_estudiante, rut, nombre, apellido_pat, apellido_mat, direccion, codigo_comuna, codigo_curso) VALUES (369, '18000368-8', 'nombre_estudiante368', 'apellido_paterno368', 'apellido_materno368', 'direccion368', 94, '0027');
INSERT INTO estudiante(id_estudiante, rut, nombre, apellido_pat, apellido_mat, direccion, codigo_comuna, codigo_curso) VALUES (370, '18000369-9', 'nombre_estudiante369', 'apellido_paterno369', 'apellido_materno369', 'direccion369', 99, '0027');
INSERT INTO estudiante(id_estudiante, rut, nombre, apellido_pat, apellido_mat, direccion, codigo_comuna, codigo_curso) VALUES (371, '18000370-0', 'nombre_estudiante370', 'apellido_paterno370', 'apellido_materno370', 'direccion370', 226, '0027');
INSERT INTO estudiante(id_estudiante, rut, nombre, apellido_pat, apellido_mat, direccion, codigo_comuna, codigo_curso) VALUES (372, '18000371-1', 'nombre_estudiante371', 'apellido_paterno371', 'apellido_materno371', 'direccion371', 95, '0027');
INSERT INTO estudiante(id_estudiante, rut, nombre, apellido_pat, apellido_mat, direccion, codigo_comuna, codigo_curso) VALUES (373, '18000372-2', 'nombre_estudiante372', 'apellido_paterno372', 'apellido_materno372', 'direccion372', 86, '0027');
INSERT INTO estudiante(id_estudiante, rut, nombre, apellido_pat, apellido_mat, direccion, codigo_comuna, codigo_curso) VALUES (374, '18000373-3', 'nombre_estudiante373', 'apellido_paterno373', 'apellido_materno373', 'direccion373', 83, '0027');
INSERT INTO estudiante(id_estudiante, rut, nombre, apellido_pat, apellido_mat, direccion, codigo_comuna, codigo_curso) VALUES (375, '18000374-4', 'nombre_estudiante374', 'apellido_paterno374', 'apellido_materno374', 'direccion374', 305, '0027');
INSERT INTO estudiante(id_estudiante, rut, nombre, apellido_pat, apellido_mat, direccion, codigo_comuna, codigo_curso) VALUES (376, '18000375-5', 'nombre_estudiante375', 'apellido_paterno375', 'apellido_materno375', 'direccion375', 246, '0027');
INSERT INTO estudiante(id_estudiante, rut, nombre, apellido_pat, apellido_mat, direccion, codigo_comuna, codigo_curso) VALUES (377, '18000376-6', 'nombre_estudiante376', 'apellido_paterno376', 'apellido_materno376', 'direccion376', 192, '0027');
INSERT INTO estudiante(id_estudiante, rut, nombre, apellido_pat, apellido_mat, direccion, codigo_comuna, codigo_curso) VALUES (378, '18000377-7', 'nombre_estudiante377', 'apellido_paterno377', 'apellido_materno377', 'direccion377', 95, '0027');
INSERT INTO estudiante(id_estudiante, rut, nombre, apellido_pat, apellido_mat, direccion, codigo_comuna, codigo_curso) VALUES (379, '18000378-8', 'nombre_estudiante378', 'apellido_paterno378', 'apellido_materno378', 'direccion378', 265, '0027');
INSERT INTO estudiante(id_estudiante, rut, nombre, apellido_pat, apellido_mat, direccion, codigo_comuna, codigo_curso) VALUES (380, '18000379-9', 'nombre_estudiante379', 'apellido_paterno379', 'apellido_materno379', 'direccion379', 109, '0027');
INSERT INTO estudiante(id_estudiante, rut, nombre, apellido_pat, apellido_mat, direccion, codigo_comuna, codigo_curso) VALUES (381, '18000380-0', 'nombre_estudiante380', 'apellido_paterno380', 'apellido_materno380', 'direccion380', 225, '0027');
INSERT INTO estudiante(id_estudiante, rut, nombre, apellido_pat, apellido_mat, direccion, codigo_comuna, codigo_curso) VALUES (382, '18000381-1', 'nombre_estudiante381', 'apellido_paterno381', 'apellido_materno381', 'direccion381', 257, '0027');
INSERT INTO estudiante(id_estudiante, rut, nombre, apellido_pat, apellido_mat, direccion, codigo_comuna, codigo_curso) VALUES (383, '18000382-2', 'nombre_estudiante382', 'apellido_paterno382', 'apellido_materno382', 'direccion382', 148, '0027');
INSERT INTO estudiante(id_estudiante, rut, nombre, apellido_pat, apellido_mat, direccion, codigo_comuna, codigo_curso) VALUES (384, '18000383-3', 'nombre_estudiante383', 'apellido_paterno383', 'apellido_materno383', 'direccion383', 63, '0027');
INSERT INTO estudiante(id_estudiante, rut, nombre, apellido_pat, apellido_mat, direccion, codigo_comuna, codigo_curso) VALUES (385, '18000384-4', 'nombre_estudiante384', 'apellido_paterno384', 'apellido_materno384', 'direccion384', 314, '0027');
INSERT INTO estudiante(id_estudiante, rut, nombre, apellido_pat, apellido_mat, direccion, codigo_comuna, codigo_curso) VALUES (386, '18000385-5', 'nombre_estudiante385', 'apellido_paterno385', 'apellido_materno385', 'direccion385', 191, '0027');
INSERT INTO estudiante(id_estudiante, rut, nombre, apellido_pat, apellido_mat, direccion, codigo_comuna, codigo_curso) VALUES (387, '18000386-6', 'nombre_estudiante386', 'apellido_paterno386', 'apellido_materno386', 'direccion386', 331, '0027');
INSERT INTO estudiante(id_estudiante, rut, nombre, apellido_pat, apellido_mat, direccion, codigo_comuna, codigo_curso) VALUES (388, '18000387-7', 'nombre_estudiante387', 'apellido_paterno387', 'apellido_materno387', 'direccion387', 260, '0027');
INSERT INTO estudiante(id_estudiante, rut, nombre, apellido_pat, apellido_mat, direccion, codigo_comuna, codigo_curso) VALUES (389, '18000388-8', 'nombre_estudiante388', 'apellido_paterno388', 'apellido_materno388', 'direccion388', 219, '0027');
INSERT INTO estudiante(id_estudiante, rut, nombre, apellido_pat, apellido_mat, direccion, codigo_comuna, codigo_curso) VALUES (390, '18000389-9', 'nombre_estudiante389', 'apellido_paterno389', 'apellido_materno389', 'direccion389', 12, '0027');
INSERT INTO estudiante(id_estudiante, rut, nombre, apellido_pat, apellido_mat, direccion, codigo_comuna, codigo_curso) VALUES (391, '18000390-0', 'nombre_estudiante390', 'apellido_paterno390', 'apellido_materno390', 'direccion390', 86, '0044');
INSERT INTO estudiante(id_estudiante, rut, nombre, apellido_pat, apellido_mat, direccion, codigo_comuna, codigo_curso) VALUES (392, '18000391-1', 'nombre_estudiante391', 'apellido_paterno391', 'apellido_materno391', 'direccion391', 10, '0044');
INSERT INTO estudiante(id_estudiante, rut, nombre, apellido_pat, apellido_mat, direccion, codigo_comuna, codigo_curso) VALUES (393, '18000392-2', 'nombre_estudiante392', 'apellido_paterno392', 'apellido_materno392', 'direccion392', 320, '0044');
INSERT INTO estudiante(id_estudiante, rut, nombre, apellido_pat, apellido_mat, direccion, codigo_comuna, codigo_curso) VALUES (394, '18000393-3', 'nombre_estudiante393', 'apellido_paterno393', 'apellido_materno393', 'direccion393', 339, '0044');
INSERT INTO estudiante(id_estudiante, rut, nombre, apellido_pat, apellido_mat, direccion, codigo_comuna, codigo_curso) VALUES (395, '18000394-4', 'nombre_estudiante394', 'apellido_paterno394', 'apellido_materno394', 'direccion394', 249, '0044');
INSERT INTO estudiante(id_estudiante, rut, nombre, apellido_pat, apellido_mat, direccion, codigo_comuna, codigo_curso) VALUES (396, '18000395-5', 'nombre_estudiante395', 'apellido_paterno395', 'apellido_materno395', 'direccion395', 309, '0044');
INSERT INTO estudiante(id_estudiante, rut, nombre, apellido_pat, apellido_mat, direccion, codigo_comuna, codigo_curso) VALUES (397, '18000396-6', 'nombre_estudiante396', 'apellido_paterno396', 'apellido_materno396', 'direccion396', 247, '0044');
INSERT INTO estudiante(id_estudiante, rut, nombre, apellido_pat, apellido_mat, direccion, codigo_comuna, codigo_curso) VALUES (398, '18000397-7', 'nombre_estudiante397', 'apellido_paterno397', 'apellido_materno397', 'direccion397', 268, '0044');
INSERT INTO estudiante(id_estudiante, rut, nombre, apellido_pat, apellido_mat, direccion, codigo_comuna, codigo_curso) VALUES (399, '18000398-8', 'nombre_estudiante398', 'apellido_paterno398', 'apellido_materno398', 'direccion398', 136, '0044');
INSERT INTO estudiante(id_estudiante, rut, nombre, apellido_pat, apellido_mat, direccion, codigo_comuna, codigo_curso) VALUES (400, '18000399-9', 'nombre_estudiante399', 'apellido_paterno399', 'apellido_materno399', 'direccion399', 281, '0044');
INSERT INTO estudiante(id_estudiante, rut, nombre, apellido_pat, apellido_mat, direccion, codigo_comuna, codigo_curso) VALUES (401, '18000400-0', 'nombre_estudiante400', 'apellido_paterno400', 'apellido_materno400', 'direccion400', 205, '0044');
INSERT INTO estudiante(id_estudiante, rut, nombre, apellido_pat, apellido_mat, direccion, codigo_comuna, codigo_curso) VALUES (402, '18000401-1', 'nombre_estudiante401', 'apellido_paterno401', 'apellido_materno401', 'direccion401', 192, '0044');
INSERT INTO estudiante(id_estudiante, rut, nombre, apellido_pat, apellido_mat, direccion, codigo_comuna, codigo_curso) VALUES (403, '18000402-2', 'nombre_estudiante402', 'apellido_paterno402', 'apellido_materno402', 'direccion402', 326, '0044');
INSERT INTO estudiante(id_estudiante, rut, nombre, apellido_pat, apellido_mat, direccion, codigo_comuna, codigo_curso) VALUES (404, '18000403-3', 'nombre_estudiante403', 'apellido_paterno403', 'apellido_materno403', 'direccion403', 59, '0044');
INSERT INTO estudiante(id_estudiante, rut, nombre, apellido_pat, apellido_mat, direccion, codigo_comuna, codigo_curso) VALUES (405, '18000404-4', 'nombre_estudiante404', 'apellido_paterno404', 'apellido_materno404', 'direccion404', 234, '0044');
INSERT INTO estudiante(id_estudiante, rut, nombre, apellido_pat, apellido_mat, direccion, codigo_comuna, codigo_curso) VALUES (406, '18000405-5', 'nombre_estudiante405', 'apellido_paterno405', 'apellido_materno405', 'direccion405', 31, '0044');
INSERT INTO estudiante(id_estudiante, rut, nombre, apellido_pat, apellido_mat, direccion, codigo_comuna, codigo_curso) VALUES (407, '18000406-6', 'nombre_estudiante406', 'apellido_paterno406', 'apellido_materno406', 'direccion406', 87, '0044');
INSERT INTO estudiante(id_estudiante, rut, nombre, apellido_pat, apellido_mat, direccion, codigo_comuna, codigo_curso) VALUES (408, '18000407-7', 'nombre_estudiante407', 'apellido_paterno407', 'apellido_materno407', 'direccion407', 164, '0044');
INSERT INTO estudiante(id_estudiante, rut, nombre, apellido_pat, apellido_mat, direccion, codigo_comuna, codigo_curso) VALUES (409, '18000408-8', 'nombre_estudiante408', 'apellido_paterno408', 'apellido_materno408', 'direccion408', 55, '0044');
INSERT INTO estudiante(id_estudiante, rut, nombre, apellido_pat, apellido_mat, direccion, codigo_comuna, codigo_curso) VALUES (410, '18000409-9', 'nombre_estudiante409', 'apellido_paterno409', 'apellido_materno409', 'direccion409', 99, '0044');
INSERT INTO estudiante(id_estudiante, rut, nombre, apellido_pat, apellido_mat, direccion, codigo_comuna, codigo_curso) VALUES (411, '18000410-0', 'nombre_estudiante410', 'apellido_paterno410', 'apellido_materno410', 'direccion410', 229, '0044');
INSERT INTO estudiante(id_estudiante, rut, nombre, apellido_pat, apellido_mat, direccion, codigo_comuna, codigo_curso) VALUES (412, '18000411-1', 'nombre_estudiante411', 'apellido_paterno411', 'apellido_materno411', 'direccion411', 262, '0044');
INSERT INTO estudiante(id_estudiante, rut, nombre, apellido_pat, apellido_mat, direccion, codigo_comuna, codigo_curso) VALUES (413, '18000412-2', 'nombre_estudiante412', 'apellido_paterno412', 'apellido_materno412', 'direccion412', 295, '0044');
INSERT INTO estudiante(id_estudiante, rut, nombre, apellido_pat, apellido_mat, direccion, codigo_comuna, codigo_curso) VALUES (414, '18000413-3', 'nombre_estudiante413', 'apellido_paterno413', 'apellido_materno413', 'direccion413', 167, '0044');
INSERT INTO estudiante(id_estudiante, rut, nombre, apellido_pat, apellido_mat, direccion, codigo_comuna, codigo_curso) VALUES (415, '18000414-4', 'nombre_estudiante414', 'apellido_paterno414', 'apellido_materno414', 'direccion414', 217, '0044');
INSERT INTO estudiante(id_estudiante, rut, nombre, apellido_pat, apellido_mat, direccion, codigo_comuna, codigo_curso) VALUES (416, '18000415-5', 'nombre_estudiante415', 'apellido_paterno415', 'apellido_materno415', 'direccion415', 109, '0044');
INSERT INTO estudiante(id_estudiante, rut, nombre, apellido_pat, apellido_mat, direccion, codigo_comuna, codigo_curso) VALUES (417, '18000416-6', 'nombre_estudiante416', 'apellido_paterno416', 'apellido_materno416', 'direccion416', 151, '0044');
INSERT INTO estudiante(id_estudiante, rut, nombre, apellido_pat, apellido_mat, direccion, codigo_comuna, codigo_curso) VALUES (418, '18000417-7', 'nombre_estudiante417', 'apellido_paterno417', 'apellido_materno417', 'direccion417', 97, '0044');
INSERT INTO estudiante(id_estudiante, rut, nombre, apellido_pat, apellido_mat, direccion, codigo_comuna, codigo_curso) VALUES (419, '18000418-8', 'nombre_estudiante418', 'apellido_paterno418', 'apellido_materno418', 'direccion418', 64, '0044');
INSERT INTO estudiante(id_estudiante, rut, nombre, apellido_pat, apellido_mat, direccion, codigo_comuna, codigo_curso) VALUES (420, '18000419-9', 'nombre_estudiante419', 'apellido_paterno419', 'apellido_materno419', 'direccion419', 1, '0044');
INSERT INTO estudiante(id_estudiante, rut, nombre, apellido_pat, apellido_mat, direccion, codigo_comuna, codigo_curso) VALUES (421, '18000420-0', 'nombre_estudiante420', 'apellido_paterno420', 'apellido_materno420', 'direccion420', 103, '0005');
INSERT INTO estudiante(id_estudiante, rut, nombre, apellido_pat, apellido_mat, direccion, codigo_comuna, codigo_curso) VALUES (422, '18000421-1', 'nombre_estudiante421', 'apellido_paterno421', 'apellido_materno421', 'direccion421', 137, '0005');
INSERT INTO estudiante(id_estudiante, rut, nombre, apellido_pat, apellido_mat, direccion, codigo_comuna, codigo_curso) VALUES (423, '18000422-2', 'nombre_estudiante422', 'apellido_paterno422', 'apellido_materno422', 'direccion422', 9, '0005');
INSERT INTO estudiante(id_estudiante, rut, nombre, apellido_pat, apellido_mat, direccion, codigo_comuna, codigo_curso) VALUES (424, '18000423-3', 'nombre_estudiante423', 'apellido_paterno423', 'apellido_materno423', 'direccion423', 150, '0005');
INSERT INTO estudiante(id_estudiante, rut, nombre, apellido_pat, apellido_mat, direccion, codigo_comuna, codigo_curso) VALUES (425, '18000424-4', 'nombre_estudiante424', 'apellido_paterno424', 'apellido_materno424', 'direccion424', 235, '0005');
INSERT INTO estudiante(id_estudiante, rut, nombre, apellido_pat, apellido_mat, direccion, codigo_comuna, codigo_curso) VALUES (426, '18000425-5', 'nombre_estudiante425', 'apellido_paterno425', 'apellido_materno425', 'direccion425', 136, '0005');
INSERT INTO estudiante(id_estudiante, rut, nombre, apellido_pat, apellido_mat, direccion, codigo_comuna, codigo_curso) VALUES (427, '18000426-6', 'nombre_estudiante426', 'apellido_paterno426', 'apellido_materno426', 'direccion426', 167, '0005');
INSERT INTO estudiante(id_estudiante, rut, nombre, apellido_pat, apellido_mat, direccion, codigo_comuna, codigo_curso) VALUES (428, '18000427-7', 'nombre_estudiante427', 'apellido_paterno427', 'apellido_materno427', 'direccion427', 2, '0005');
INSERT INTO estudiante(id_estudiante, rut, nombre, apellido_pat, apellido_mat, direccion, codigo_comuna, codigo_curso) VALUES (429, '18000428-8', 'nombre_estudiante428', 'apellido_paterno428', 'apellido_materno428', 'direccion428', 308, '0005');
INSERT INTO estudiante(id_estudiante, rut, nombre, apellido_pat, apellido_mat, direccion, codigo_comuna, codigo_curso) VALUES (430, '18000429-9', 'nombre_estudiante429', 'apellido_paterno429', 'apellido_materno429', 'direccion429', 121, '0005');
INSERT INTO estudiante(id_estudiante, rut, nombre, apellido_pat, apellido_mat, direccion, codigo_comuna, codigo_curso) VALUES (431, '18000430-0', 'nombre_estudiante430', 'apellido_paterno430', 'apellido_materno430', 'direccion430', 284, '0005');
INSERT INTO estudiante(id_estudiante, rut, nombre, apellido_pat, apellido_mat, direccion, codigo_comuna, codigo_curso) VALUES (432, '18000431-1', 'nombre_estudiante431', 'apellido_paterno431', 'apellido_materno431', 'direccion431', 157, '0005');
INSERT INTO estudiante(id_estudiante, rut, nombre, apellido_pat, apellido_mat, direccion, codigo_comuna, codigo_curso) VALUES (433, '18000432-2', 'nombre_estudiante432', 'apellido_paterno432', 'apellido_materno432', 'direccion432', 50, '0005');
INSERT INTO estudiante(id_estudiante, rut, nombre, apellido_pat, apellido_mat, direccion, codigo_comuna, codigo_curso) VALUES (434, '18000433-3', 'nombre_estudiante433', 'apellido_paterno433', 'apellido_materno433', 'direccion433', 184, '0005');
INSERT INTO estudiante(id_estudiante, rut, nombre, apellido_pat, apellido_mat, direccion, codigo_comuna, codigo_curso) VALUES (435, '18000434-4', 'nombre_estudiante434', 'apellido_paterno434', 'apellido_materno434', 'direccion434', 322, '0005');
INSERT INTO estudiante(id_estudiante, rut, nombre, apellido_pat, apellido_mat, direccion, codigo_comuna, codigo_curso) VALUES (436, '18000435-5', 'nombre_estudiante435', 'apellido_paterno435', 'apellido_materno435', 'direccion435', 129, '0005');
INSERT INTO estudiante(id_estudiante, rut, nombre, apellido_pat, apellido_mat, direccion, codigo_comuna, codigo_curso) VALUES (437, '18000436-6', 'nombre_estudiante436', 'apellido_paterno436', 'apellido_materno436', 'direccion436', 229, '0005');
INSERT INTO estudiante(id_estudiante, rut, nombre, apellido_pat, apellido_mat, direccion, codigo_comuna, codigo_curso) VALUES (438, '18000437-7', 'nombre_estudiante437', 'apellido_paterno437', 'apellido_materno437', 'direccion437', 323, '0005');
INSERT INTO estudiante(id_estudiante, rut, nombre, apellido_pat, apellido_mat, direccion, codigo_comuna, codigo_curso) VALUES (439, '18000438-8', 'nombre_estudiante438', 'apellido_paterno438', 'apellido_materno438', 'direccion438', 329, '0005');
INSERT INTO estudiante(id_estudiante, rut, nombre, apellido_pat, apellido_mat, direccion, codigo_comuna, codigo_curso) VALUES (440, '18000439-9', 'nombre_estudiante439', 'apellido_paterno439', 'apellido_materno439', 'direccion439', 336, '0005');
INSERT INTO estudiante(id_estudiante, rut, nombre, apellido_pat, apellido_mat, direccion, codigo_comuna, codigo_curso) VALUES (441, '18000440-0', 'nombre_estudiante440', 'apellido_paterno440', 'apellido_materno440', 'direccion440', 76, '0005');
INSERT INTO estudiante(id_estudiante, rut, nombre, apellido_pat, apellido_mat, direccion, codigo_comuna, codigo_curso) VALUES (442, '18000441-1', 'nombre_estudiante441', 'apellido_paterno441', 'apellido_materno441', 'direccion441', 55, '0005');
INSERT INTO estudiante(id_estudiante, rut, nombre, apellido_pat, apellido_mat, direccion, codigo_comuna, codigo_curso) VALUES (443, '18000442-2', 'nombre_estudiante442', 'apellido_paterno442', 'apellido_materno442', 'direccion442', 43, '0005');
INSERT INTO estudiante(id_estudiante, rut, nombre, apellido_pat, apellido_mat, direccion, codigo_comuna, codigo_curso) VALUES (444, '18000443-3', 'nombre_estudiante443', 'apellido_paterno443', 'apellido_materno443', 'direccion443', 240, '0005');
INSERT INTO estudiante(id_estudiante, rut, nombre, apellido_pat, apellido_mat, direccion, codigo_comuna, codigo_curso) VALUES (445, '18000444-4', 'nombre_estudiante444', 'apellido_paterno444', 'apellido_materno444', 'direccion444', 211, '0005');
INSERT INTO estudiante(id_estudiante, rut, nombre, apellido_pat, apellido_mat, direccion, codigo_comuna, codigo_curso) VALUES (446, '18000445-5', 'nombre_estudiante445', 'apellido_paterno445', 'apellido_materno445', 'direccion445', 141, '0005');
INSERT INTO estudiante(id_estudiante, rut, nombre, apellido_pat, apellido_mat, direccion, codigo_comuna, codigo_curso) VALUES (447, '18000446-6', 'nombre_estudiante446', 'apellido_paterno446', 'apellido_materno446', 'direccion446', 167, '0005');
INSERT INTO estudiante(id_estudiante, rut, nombre, apellido_pat, apellido_mat, direccion, codigo_comuna, codigo_curso) VALUES (448, '18000447-7', 'nombre_estudiante447', 'apellido_paterno447', 'apellido_materno447', 'direccion447', 141, '0005');
INSERT INTO estudiante(id_estudiante, rut, nombre, apellido_pat, apellido_mat, direccion, codigo_comuna, codigo_curso) VALUES (449, '18000448-8', 'nombre_estudiante448', 'apellido_paterno448', 'apellido_materno448', 'direccion448', 181, '0005');
INSERT INTO estudiante(id_estudiante, rut, nombre, apellido_pat, apellido_mat, direccion, codigo_comuna, codigo_curso) VALUES (450, '18000449-9', 'nombre_estudiante449', 'apellido_paterno449', 'apellido_materno449', 'direccion449', 83, '0005');
INSERT INTO estudiante(id_estudiante, rut, nombre, apellido_pat, apellido_mat, direccion, codigo_comuna, codigo_curso) VALUES (451, '18000450-0', 'nombre_estudiante450', 'apellido_paterno450', 'apellido_materno450', 'direccion450', 93, '0032');
INSERT INTO estudiante(id_estudiante, rut, nombre, apellido_pat, apellido_mat, direccion, codigo_comuna, codigo_curso) VALUES (452, '18000451-1', 'nombre_estudiante451', 'apellido_paterno451', 'apellido_materno451', 'direccion451', 57, '0032');
INSERT INTO estudiante(id_estudiante, rut, nombre, apellido_pat, apellido_mat, direccion, codigo_comuna, codigo_curso) VALUES (453, '18000452-2', 'nombre_estudiante452', 'apellido_paterno452', 'apellido_materno452', 'direccion452', 127, '0032');
INSERT INTO estudiante(id_estudiante, rut, nombre, apellido_pat, apellido_mat, direccion, codigo_comuna, codigo_curso) VALUES (454, '18000453-3', 'nombre_estudiante453', 'apellido_paterno453', 'apellido_materno453', 'direccion453', 190, '0032');
INSERT INTO estudiante(id_estudiante, rut, nombre, apellido_pat, apellido_mat, direccion, codigo_comuna, codigo_curso) VALUES (455, '18000454-4', 'nombre_estudiante454', 'apellido_paterno454', 'apellido_materno454', 'direccion454', 162, '0032');
INSERT INTO estudiante(id_estudiante, rut, nombre, apellido_pat, apellido_mat, direccion, codigo_comuna, codigo_curso) VALUES (456, '18000455-5', 'nombre_estudiante455', 'apellido_paterno455', 'apellido_materno455', 'direccion455', 335, '0032');
INSERT INTO estudiante(id_estudiante, rut, nombre, apellido_pat, apellido_mat, direccion, codigo_comuna, codigo_curso) VALUES (457, '18000456-6', 'nombre_estudiante456', 'apellido_paterno456', 'apellido_materno456', 'direccion456', 335, '0032');
INSERT INTO estudiante(id_estudiante, rut, nombre, apellido_pat, apellido_mat, direccion, codigo_comuna, codigo_curso) VALUES (458, '18000457-7', 'nombre_estudiante457', 'apellido_paterno457', 'apellido_materno457', 'direccion457', 301, '0032');
INSERT INTO estudiante(id_estudiante, rut, nombre, apellido_pat, apellido_mat, direccion, codigo_comuna, codigo_curso) VALUES (459, '18000458-8', 'nombre_estudiante458', 'apellido_paterno458', 'apellido_materno458', 'direccion458', 14, '0032');
INSERT INTO estudiante(id_estudiante, rut, nombre, apellido_pat, apellido_mat, direccion, codigo_comuna, codigo_curso) VALUES (460, '18000459-9', 'nombre_estudiante459', 'apellido_paterno459', 'apellido_materno459', 'direccion459', 199, '0032');
INSERT INTO estudiante(id_estudiante, rut, nombre, apellido_pat, apellido_mat, direccion, codigo_comuna, codigo_curso) VALUES (461, '18000460-0', 'nombre_estudiante460', 'apellido_paterno460', 'apellido_materno460', 'direccion460', 97, '0032');
INSERT INTO estudiante(id_estudiante, rut, nombre, apellido_pat, apellido_mat, direccion, codigo_comuna, codigo_curso) VALUES (462, '18000461-1', 'nombre_estudiante461', 'apellido_paterno461', 'apellido_materno461', 'direccion461', 246, '0032');
INSERT INTO estudiante(id_estudiante, rut, nombre, apellido_pat, apellido_mat, direccion, codigo_comuna, codigo_curso) VALUES (463, '18000462-2', 'nombre_estudiante462', 'apellido_paterno462', 'apellido_materno462', 'direccion462', 211, '0032');
INSERT INTO estudiante(id_estudiante, rut, nombre, apellido_pat, apellido_mat, direccion, codigo_comuna, codigo_curso) VALUES (464, '18000463-3', 'nombre_estudiante463', 'apellido_paterno463', 'apellido_materno463', 'direccion463', 346, '0032');
INSERT INTO estudiante(id_estudiante, rut, nombre, apellido_pat, apellido_mat, direccion, codigo_comuna, codigo_curso) VALUES (465, '18000464-4', 'nombre_estudiante464', 'apellido_paterno464', 'apellido_materno464', 'direccion464', 42, '0032');
INSERT INTO estudiante(id_estudiante, rut, nombre, apellido_pat, apellido_mat, direccion, codigo_comuna, codigo_curso) VALUES (466, '18000465-5', 'nombre_estudiante465', 'apellido_paterno465', 'apellido_materno465', 'direccion465', 343, '0032');
INSERT INTO estudiante(id_estudiante, rut, nombre, apellido_pat, apellido_mat, direccion, codigo_comuna, codigo_curso) VALUES (467, '18000466-6', 'nombre_estudiante466', 'apellido_paterno466', 'apellido_materno466', 'direccion466', 35, '0032');
INSERT INTO estudiante(id_estudiante, rut, nombre, apellido_pat, apellido_mat, direccion, codigo_comuna, codigo_curso) VALUES (468, '18000467-7', 'nombre_estudiante467', 'apellido_paterno467', 'apellido_materno467', 'direccion467', 321, '0032');
INSERT INTO estudiante(id_estudiante, rut, nombre, apellido_pat, apellido_mat, direccion, codigo_comuna, codigo_curso) VALUES (469, '18000468-8', 'nombre_estudiante468', 'apellido_paterno468', 'apellido_materno468', 'direccion468', 3, '0032');
INSERT INTO estudiante(id_estudiante, rut, nombre, apellido_pat, apellido_mat, direccion, codigo_comuna, codigo_curso) VALUES (470, '18000469-9', 'nombre_estudiante469', 'apellido_paterno469', 'apellido_materno469', 'direccion469', 164, '0032');
INSERT INTO estudiante(id_estudiante, rut, nombre, apellido_pat, apellido_mat, direccion, codigo_comuna, codigo_curso) VALUES (471, '18000470-0', 'nombre_estudiante470', 'apellido_paterno470', 'apellido_materno470', 'direccion470', 91, '0032');
INSERT INTO estudiante(id_estudiante, rut, nombre, apellido_pat, apellido_mat, direccion, codigo_comuna, codigo_curso) VALUES (472, '18000471-1', 'nombre_estudiante471', 'apellido_paterno471', 'apellido_materno471', 'direccion471', 62, '0032');
INSERT INTO estudiante(id_estudiante, rut, nombre, apellido_pat, apellido_mat, direccion, codigo_comuna, codigo_curso) VALUES (473, '18000472-2', 'nombre_estudiante472', 'apellido_paterno472', 'apellido_materno472', 'direccion472', 230, '0032');
INSERT INTO estudiante(id_estudiante, rut, nombre, apellido_pat, apellido_mat, direccion, codigo_comuna, codigo_curso) VALUES (474, '18000473-3', 'nombre_estudiante473', 'apellido_paterno473', 'apellido_materno473', 'direccion473', 235, '0032');
INSERT INTO estudiante(id_estudiante, rut, nombre, apellido_pat, apellido_mat, direccion, codigo_comuna, codigo_curso) VALUES (475, '18000474-4', 'nombre_estudiante474', 'apellido_paterno474', 'apellido_materno474', 'direccion474', 129, '0032');
INSERT INTO estudiante(id_estudiante, rut, nombre, apellido_pat, apellido_mat, direccion, codigo_comuna, codigo_curso) VALUES (476, '18000475-5', 'nombre_estudiante475', 'apellido_paterno475', 'apellido_materno475', 'direccion475', 268, '0032');
INSERT INTO estudiante(id_estudiante, rut, nombre, apellido_pat, apellido_mat, direccion, codigo_comuna, codigo_curso) VALUES (477, '18000476-6', 'nombre_estudiante476', 'apellido_paterno476', 'apellido_materno476', 'direccion476', 33, '0032');
INSERT INTO estudiante(id_estudiante, rut, nombre, apellido_pat, apellido_mat, direccion, codigo_comuna, codigo_curso) VALUES (478, '18000477-7', 'nombre_estudiante477', 'apellido_paterno477', 'apellido_materno477', 'direccion477', 276, '0032');
INSERT INTO estudiante(id_estudiante, rut, nombre, apellido_pat, apellido_mat, direccion, codigo_comuna, codigo_curso) VALUES (479, '18000478-8', 'nombre_estudiante478', 'apellido_paterno478', 'apellido_materno478', 'direccion478', 233, '0032');
INSERT INTO estudiante(id_estudiante, rut, nombre, apellido_pat, apellido_mat, direccion, codigo_comuna, codigo_curso) VALUES (480, '18000479-9', 'nombre_estudiante479', 'apellido_paterno479', 'apellido_materno479', 'direccion479', 148, '0032');
INSERT INTO estudiante(id_estudiante, rut, nombre, apellido_pat, apellido_mat, direccion, codigo_comuna, codigo_curso) VALUES (481, '18000480-0', 'nombre_estudiante480', 'apellido_paterno480', 'apellido_materno480', 'direccion480', 231, '0013');
INSERT INTO estudiante(id_estudiante, rut, nombre, apellido_pat, apellido_mat, direccion, codigo_comuna, codigo_curso) VALUES (482, '18000481-1', 'nombre_estudiante481', 'apellido_paterno481', 'apellido_materno481', 'direccion481', 307, '0013');
INSERT INTO estudiante(id_estudiante, rut, nombre, apellido_pat, apellido_mat, direccion, codigo_comuna, codigo_curso) VALUES (483, '18000482-2', 'nombre_estudiante482', 'apellido_paterno482', 'apellido_materno482', 'direccion482', 40, '0013');
INSERT INTO estudiante(id_estudiante, rut, nombre, apellido_pat, apellido_mat, direccion, codigo_comuna, codigo_curso) VALUES (484, '18000483-3', 'nombre_estudiante483', 'apellido_paterno483', 'apellido_materno483', 'direccion483', 324, '0013');
INSERT INTO estudiante(id_estudiante, rut, nombre, apellido_pat, apellido_mat, direccion, codigo_comuna, codigo_curso) VALUES (485, '18000484-4', 'nombre_estudiante484', 'apellido_paterno484', 'apellido_materno484', 'direccion484', 180, '0013');
INSERT INTO estudiante(id_estudiante, rut, nombre, apellido_pat, apellido_mat, direccion, codigo_comuna, codigo_curso) VALUES (486, '18000485-5', 'nombre_estudiante485', 'apellido_paterno485', 'apellido_materno485', 'direccion485', 232, '0013');
INSERT INTO estudiante(id_estudiante, rut, nombre, apellido_pat, apellido_mat, direccion, codigo_comuna, codigo_curso) VALUES (487, '18000486-6', 'nombre_estudiante486', 'apellido_paterno486', 'apellido_materno486', 'direccion486', 33, '0013');
INSERT INTO estudiante(id_estudiante, rut, nombre, apellido_pat, apellido_mat, direccion, codigo_comuna, codigo_curso) VALUES (488, '18000487-7', 'nombre_estudiante487', 'apellido_paterno487', 'apellido_materno487', 'direccion487', 161, '0013');
INSERT INTO estudiante(id_estudiante, rut, nombre, apellido_pat, apellido_mat, direccion, codigo_comuna, codigo_curso) VALUES (489, '18000488-8', 'nombre_estudiante488', 'apellido_paterno488', 'apellido_materno488', 'direccion488', 308, '0013');
INSERT INTO estudiante(id_estudiante, rut, nombre, apellido_pat, apellido_mat, direccion, codigo_comuna, codigo_curso) VALUES (490, '18000489-9', 'nombre_estudiante489', 'apellido_paterno489', 'apellido_materno489', 'direccion489', 165, '0013');
INSERT INTO estudiante(id_estudiante, rut, nombre, apellido_pat, apellido_mat, direccion, codigo_comuna, codigo_curso) VALUES (491, '18000490-0', 'nombre_estudiante490', 'apellido_paterno490', 'apellido_materno490', 'direccion490', 332, '0013');
INSERT INTO estudiante(id_estudiante, rut, nombre, apellido_pat, apellido_mat, direccion, codigo_comuna, codigo_curso) VALUES (492, '18000491-1', 'nombre_estudiante491', 'apellido_paterno491', 'apellido_materno491', 'direccion491', 266, '0013');
INSERT INTO estudiante(id_estudiante, rut, nombre, apellido_pat, apellido_mat, direccion, codigo_comuna, codigo_curso) VALUES (493, '18000492-2', 'nombre_estudiante492', 'apellido_paterno492', 'apellido_materno492', 'direccion492', 335, '0013');
INSERT INTO estudiante(id_estudiante, rut, nombre, apellido_pat, apellido_mat, direccion, codigo_comuna, codigo_curso) VALUES (494, '18000493-3', 'nombre_estudiante493', 'apellido_paterno493', 'apellido_materno493', 'direccion493', 251, '0013');
INSERT INTO estudiante(id_estudiante, rut, nombre, apellido_pat, apellido_mat, direccion, codigo_comuna, codigo_curso) VALUES (495, '18000494-4', 'nombre_estudiante494', 'apellido_paterno494', 'apellido_materno494', 'direccion494', 297, '0013');
INSERT INTO estudiante(id_estudiante, rut, nombre, apellido_pat, apellido_mat, direccion, codigo_comuna, codigo_curso) VALUES (496, '18000495-5', 'nombre_estudiante495', 'apellido_paterno495', 'apellido_materno495', 'direccion495', 346, '0013');
INSERT INTO estudiante(id_estudiante, rut, nombre, apellido_pat, apellido_mat, direccion, codigo_comuna, codigo_curso) VALUES (497, '18000496-6', 'nombre_estudiante496', 'apellido_paterno496', 'apellido_materno496', 'direccion496', 236, '0013');
INSERT INTO estudiante(id_estudiante, rut, nombre, apellido_pat, apellido_mat, direccion, codigo_comuna, codigo_curso) VALUES (498, '18000497-7', 'nombre_estudiante497', 'apellido_paterno497', 'apellido_materno497', 'direccion497', 49, '0013');
INSERT INTO estudiante(id_estudiante, rut, nombre, apellido_pat, apellido_mat, direccion, codigo_comuna, codigo_curso) VALUES (499, '18000498-8', 'nombre_estudiante498', 'apellido_paterno498', 'apellido_materno498', 'direccion498', 323, '0013');
INSERT INTO estudiante(id_estudiante, rut, nombre, apellido_pat, apellido_mat, direccion, codigo_comuna, codigo_curso) VALUES (500, '18000499-9', 'nombre_estudiante499', 'apellido_paterno499', 'apellido_materno499', 'direccion499', 114, '0013');
INSERT INTO estudiante(id_estudiante, rut, nombre, apellido_pat, apellido_mat, direccion, codigo_comuna, codigo_curso) VALUES (501, '18000500-0', 'nombre_estudiante500', 'apellido_paterno500', 'apellido_materno500', 'direccion500', 173, '0013');
INSERT INTO estudiante(id_estudiante, rut, nombre, apellido_pat, apellido_mat, direccion, codigo_comuna, codigo_curso) VALUES (502, '18000501-1', 'nombre_estudiante501', 'apellido_paterno501', 'apellido_materno501', 'direccion501', 230, '0013');
INSERT INTO estudiante(id_estudiante, rut, nombre, apellido_pat, apellido_mat, direccion, codigo_comuna, codigo_curso) VALUES (503, '18000502-2', 'nombre_estudiante502', 'apellido_paterno502', 'apellido_materno502', 'direccion502', 305, '0013');
INSERT INTO estudiante(id_estudiante, rut, nombre, apellido_pat, apellido_mat, direccion, codigo_comuna, codigo_curso) VALUES (504, '18000503-3', 'nombre_estudiante503', 'apellido_paterno503', 'apellido_materno503', 'direccion503', 85, '0013');
INSERT INTO estudiante(id_estudiante, rut, nombre, apellido_pat, apellido_mat, direccion, codigo_comuna, codigo_curso) VALUES (505, '18000504-4', 'nombre_estudiante504', 'apellido_paterno504', 'apellido_materno504', 'direccion504', 18, '0013');
INSERT INTO estudiante(id_estudiante, rut, nombre, apellido_pat, apellido_mat, direccion, codigo_comuna, codigo_curso) VALUES (506, '18000505-5', 'nombre_estudiante505', 'apellido_paterno505', 'apellido_materno505', 'direccion505', 100, '0013');
INSERT INTO estudiante(id_estudiante, rut, nombre, apellido_pat, apellido_mat, direccion, codigo_comuna, codigo_curso) VALUES (507, '18000506-6', 'nombre_estudiante506', 'apellido_paterno506', 'apellido_materno506', 'direccion506', 110, '0013');
INSERT INTO estudiante(id_estudiante, rut, nombre, apellido_pat, apellido_mat, direccion, codigo_comuna, codigo_curso) VALUES (508, '18000507-7', 'nombre_estudiante507', 'apellido_paterno507', 'apellido_materno507', 'direccion507', 95, '0013');
INSERT INTO estudiante(id_estudiante, rut, nombre, apellido_pat, apellido_mat, direccion, codigo_comuna, codigo_curso) VALUES (509, '18000508-8', 'nombre_estudiante508', 'apellido_paterno508', 'apellido_materno508', 'direccion508', 325, '0013');
INSERT INTO estudiante(id_estudiante, rut, nombre, apellido_pat, apellido_mat, direccion, codigo_comuna, codigo_curso) VALUES (510, '18000509-9', 'nombre_estudiante509', 'apellido_paterno509', 'apellido_materno509', 'direccion509', 113, '0013');
INSERT INTO estudiante(id_estudiante, rut, nombre, apellido_pat, apellido_mat, direccion, codigo_comuna, codigo_curso) VALUES (511, '18000510-0', 'nombre_estudiante510', 'apellido_paterno510', 'apellido_materno510', 'direccion510', 216, '0029');
INSERT INTO estudiante(id_estudiante, rut, nombre, apellido_pat, apellido_mat, direccion, codigo_comuna, codigo_curso) VALUES (512, '18000511-1', 'nombre_estudiante511', 'apellido_paterno511', 'apellido_materno511', 'direccion511', 335, '0029');
INSERT INTO estudiante(id_estudiante, rut, nombre, apellido_pat, apellido_mat, direccion, codigo_comuna, codigo_curso) VALUES (513, '18000512-2', 'nombre_estudiante512', 'apellido_paterno512', 'apellido_materno512', 'direccion512', 264, '0029');
INSERT INTO estudiante(id_estudiante, rut, nombre, apellido_pat, apellido_mat, direccion, codigo_comuna, codigo_curso) VALUES (514, '18000513-3', 'nombre_estudiante513', 'apellido_paterno513', 'apellido_materno513', 'direccion513', 44, '0029');
INSERT INTO estudiante(id_estudiante, rut, nombre, apellido_pat, apellido_mat, direccion, codigo_comuna, codigo_curso) VALUES (515, '18000514-4', 'nombre_estudiante514', 'apellido_paterno514', 'apellido_materno514', 'direccion514', 102, '0029');
INSERT INTO estudiante(id_estudiante, rut, nombre, apellido_pat, apellido_mat, direccion, codigo_comuna, codigo_curso) VALUES (516, '18000515-5', 'nombre_estudiante515', 'apellido_paterno515', 'apellido_materno515', 'direccion515', 162, '0029');
INSERT INTO estudiante(id_estudiante, rut, nombre, apellido_pat, apellido_mat, direccion, codigo_comuna, codigo_curso) VALUES (517, '18000516-6', 'nombre_estudiante516', 'apellido_paterno516', 'apellido_materno516', 'direccion516', 84, '0029');
INSERT INTO estudiante(id_estudiante, rut, nombre, apellido_pat, apellido_mat, direccion, codigo_comuna, codigo_curso) VALUES (518, '18000517-7', 'nombre_estudiante517', 'apellido_paterno517', 'apellido_materno517', 'direccion517', 141, '0029');
INSERT INTO estudiante(id_estudiante, rut, nombre, apellido_pat, apellido_mat, direccion, codigo_comuna, codigo_curso) VALUES (519, '18000518-8', 'nombre_estudiante518', 'apellido_paterno518', 'apellido_materno518', 'direccion518', 308, '0029');
INSERT INTO estudiante(id_estudiante, rut, nombre, apellido_pat, apellido_mat, direccion, codigo_comuna, codigo_curso) VALUES (520, '18000519-9', 'nombre_estudiante519', 'apellido_paterno519', 'apellido_materno519', 'direccion519', 232, '0029');
INSERT INTO estudiante(id_estudiante, rut, nombre, apellido_pat, apellido_mat, direccion, codigo_comuna, codigo_curso) VALUES (521, '18000520-0', 'nombre_estudiante520', 'apellido_paterno520', 'apellido_materno520', 'direccion520', 137, '0029');
INSERT INTO estudiante(id_estudiante, rut, nombre, apellido_pat, apellido_mat, direccion, codigo_comuna, codigo_curso) VALUES (522, '18000521-1', 'nombre_estudiante521', 'apellido_paterno521', 'apellido_materno521', 'direccion521', 232, '0029');
INSERT INTO estudiante(id_estudiante, rut, nombre, apellido_pat, apellido_mat, direccion, codigo_comuna, codigo_curso) VALUES (523, '18000522-2', 'nombre_estudiante522', 'apellido_paterno522', 'apellido_materno522', 'direccion522', 269, '0029');
INSERT INTO estudiante(id_estudiante, rut, nombre, apellido_pat, apellido_mat, direccion, codigo_comuna, codigo_curso) VALUES (524, '18000523-3', 'nombre_estudiante523', 'apellido_paterno523', 'apellido_materno523', 'direccion523', 278, '0029');
INSERT INTO estudiante(id_estudiante, rut, nombre, apellido_pat, apellido_mat, direccion, codigo_comuna, codigo_curso) VALUES (525, '18000524-4', 'nombre_estudiante524', 'apellido_paterno524', 'apellido_materno524', 'direccion524', 68, '0029');
INSERT INTO estudiante(id_estudiante, rut, nombre, apellido_pat, apellido_mat, direccion, codigo_comuna, codigo_curso) VALUES (526, '18000525-5', 'nombre_estudiante525', 'apellido_paterno525', 'apellido_materno525', 'direccion525', 346, '0029');
INSERT INTO estudiante(id_estudiante, rut, nombre, apellido_pat, apellido_mat, direccion, codigo_comuna, codigo_curso) VALUES (527, '18000526-6', 'nombre_estudiante526', 'apellido_paterno526', 'apellido_materno526', 'direccion526', 335, '0029');
INSERT INTO estudiante(id_estudiante, rut, nombre, apellido_pat, apellido_mat, direccion, codigo_comuna, codigo_curso) VALUES (528, '18000527-7', 'nombre_estudiante527', 'apellido_paterno527', 'apellido_materno527', 'direccion527', 159, '0029');
INSERT INTO estudiante(id_estudiante, rut, nombre, apellido_pat, apellido_mat, direccion, codigo_comuna, codigo_curso) VALUES (529, '18000528-8', 'nombre_estudiante528', 'apellido_paterno528', 'apellido_materno528', 'direccion528', 1, '0029');
INSERT INTO estudiante(id_estudiante, rut, nombre, apellido_pat, apellido_mat, direccion, codigo_comuna, codigo_curso) VALUES (530, '18000529-9', 'nombre_estudiante529', 'apellido_paterno529', 'apellido_materno529', 'direccion529', 315, '0029');
INSERT INTO estudiante(id_estudiante, rut, nombre, apellido_pat, apellido_mat, direccion, codigo_comuna, codigo_curso) VALUES (531, '18000530-0', 'nombre_estudiante530', 'apellido_paterno530', 'apellido_materno530', 'direccion530', 333, '0029');
INSERT INTO estudiante(id_estudiante, rut, nombre, apellido_pat, apellido_mat, direccion, codigo_comuna, codigo_curso) VALUES (532, '18000531-1', 'nombre_estudiante531', 'apellido_paterno531', 'apellido_materno531', 'direccion531', 85, '0029');
INSERT INTO estudiante(id_estudiante, rut, nombre, apellido_pat, apellido_mat, direccion, codigo_comuna, codigo_curso) VALUES (533, '18000532-2', 'nombre_estudiante532', 'apellido_paterno532', 'apellido_materno532', 'direccion532', 276, '0029');
INSERT INTO estudiante(id_estudiante, rut, nombre, apellido_pat, apellido_mat, direccion, codigo_comuna, codigo_curso) VALUES (534, '18000533-3', 'nombre_estudiante533', 'apellido_paterno533', 'apellido_materno533', 'direccion533', 151, '0029');
INSERT INTO estudiante(id_estudiante, rut, nombre, apellido_pat, apellido_mat, direccion, codigo_comuna, codigo_curso) VALUES (535, '18000534-4', 'nombre_estudiante534', 'apellido_paterno534', 'apellido_materno534', 'direccion534', 7, '0029');
INSERT INTO estudiante(id_estudiante, rut, nombre, apellido_pat, apellido_mat, direccion, codigo_comuna, codigo_curso) VALUES (536, '18000535-5', 'nombre_estudiante535', 'apellido_paterno535', 'apellido_materno535', 'direccion535', 139, '0029');
INSERT INTO estudiante(id_estudiante, rut, nombre, apellido_pat, apellido_mat, direccion, codigo_comuna, codigo_curso) VALUES (537, '18000536-6', 'nombre_estudiante536', 'apellido_paterno536', 'apellido_materno536', 'direccion536', 223, '0029');
INSERT INTO estudiante(id_estudiante, rut, nombre, apellido_pat, apellido_mat, direccion, codigo_comuna, codigo_curso) VALUES (538, '18000537-7', 'nombre_estudiante537', 'apellido_paterno537', 'apellido_materno537', 'direccion537', 222, '0029');
INSERT INTO estudiante(id_estudiante, rut, nombre, apellido_pat, apellido_mat, direccion, codigo_comuna, codigo_curso) VALUES (539, '18000538-8', 'nombre_estudiante538', 'apellido_paterno538', 'apellido_materno538', 'direccion538', 69, '0029');
INSERT INTO estudiante(id_estudiante, rut, nombre, apellido_pat, apellido_mat, direccion, codigo_comuna, codigo_curso) VALUES (540, '18000539-9', 'nombre_estudiante539', 'apellido_paterno539', 'apellido_materno539', 'direccion539', 31, '0029');
INSERT INTO estudiante(id_estudiante, rut, nombre, apellido_pat, apellido_mat, direccion, codigo_comuna, codigo_curso) VALUES (541, '18000540-0', 'nombre_estudiante540', 'apellido_paterno540', 'apellido_materno540', 'direccion540', 221, '0002');
INSERT INTO estudiante(id_estudiante, rut, nombre, apellido_pat, apellido_mat, direccion, codigo_comuna, codigo_curso) VALUES (542, '18000541-1', 'nombre_estudiante541', 'apellido_paterno541', 'apellido_materno541', 'direccion541', 311, '0002');
INSERT INTO estudiante(id_estudiante, rut, nombre, apellido_pat, apellido_mat, direccion, codigo_comuna, codigo_curso) VALUES (543, '18000542-2', 'nombre_estudiante542', 'apellido_paterno542', 'apellido_materno542', 'direccion542', 131, '0002');
INSERT INTO estudiante(id_estudiante, rut, nombre, apellido_pat, apellido_mat, direccion, codigo_comuna, codigo_curso) VALUES (544, '18000543-3', 'nombre_estudiante543', 'apellido_paterno543', 'apellido_materno543', 'direccion543', 276, '0002');
INSERT INTO estudiante(id_estudiante, rut, nombre, apellido_pat, apellido_mat, direccion, codigo_comuna, codigo_curso) VALUES (545, '18000544-4', 'nombre_estudiante544', 'apellido_paterno544', 'apellido_materno544', 'direccion544', 82, '0002');
INSERT INTO estudiante(id_estudiante, rut, nombre, apellido_pat, apellido_mat, direccion, codigo_comuna, codigo_curso) VALUES (546, '18000545-5', 'nombre_estudiante545', 'apellido_paterno545', 'apellido_materno545', 'direccion545', 294, '0002');
INSERT INTO estudiante(id_estudiante, rut, nombre, apellido_pat, apellido_mat, direccion, codigo_comuna, codigo_curso) VALUES (547, '18000546-6', 'nombre_estudiante546', 'apellido_paterno546', 'apellido_materno546', 'direccion546', 310, '0002');
INSERT INTO estudiante(id_estudiante, rut, nombre, apellido_pat, apellido_mat, direccion, codigo_comuna, codigo_curso) VALUES (548, '18000547-7', 'nombre_estudiante547', 'apellido_paterno547', 'apellido_materno547', 'direccion547', 55, '0002');
INSERT INTO estudiante(id_estudiante, rut, nombre, apellido_pat, apellido_mat, direccion, codigo_comuna, codigo_curso) VALUES (549, '18000548-8', 'nombre_estudiante548', 'apellido_paterno548', 'apellido_materno548', 'direccion548', 117, '0002');
INSERT INTO estudiante(id_estudiante, rut, nombre, apellido_pat, apellido_mat, direccion, codigo_comuna, codigo_curso) VALUES (550, '18000549-9', 'nombre_estudiante549', 'apellido_paterno549', 'apellido_materno549', 'direccion549', 297, '0002');
INSERT INTO estudiante(id_estudiante, rut, nombre, apellido_pat, apellido_mat, direccion, codigo_comuna, codigo_curso) VALUES (551, '18000550-0', 'nombre_estudiante550', 'apellido_paterno550', 'apellido_materno550', 'direccion550', 304, '0002');
INSERT INTO estudiante(id_estudiante, rut, nombre, apellido_pat, apellido_mat, direccion, codigo_comuna, codigo_curso) VALUES (552, '18000551-1', 'nombre_estudiante551', 'apellido_paterno551', 'apellido_materno551', 'direccion551', 44, '0002');
INSERT INTO estudiante(id_estudiante, rut, nombre, apellido_pat, apellido_mat, direccion, codigo_comuna, codigo_curso) VALUES (553, '18000552-2', 'nombre_estudiante552', 'apellido_paterno552', 'apellido_materno552', 'direccion552', 294, '0002');
INSERT INTO estudiante(id_estudiante, rut, nombre, apellido_pat, apellido_mat, direccion, codigo_comuna, codigo_curso) VALUES (554, '18000553-3', 'nombre_estudiante553', 'apellido_paterno553', 'apellido_materno553', 'direccion553', 332, '0002');
INSERT INTO estudiante(id_estudiante, rut, nombre, apellido_pat, apellido_mat, direccion, codigo_comuna, codigo_curso) VALUES (555, '18000554-4', 'nombre_estudiante554', 'apellido_paterno554', 'apellido_materno554', 'direccion554', 18, '0002');
INSERT INTO estudiante(id_estudiante, rut, nombre, apellido_pat, apellido_mat, direccion, codigo_comuna, codigo_curso) VALUES (556, '18000555-5', 'nombre_estudiante555', 'apellido_paterno555', 'apellido_materno555', 'direccion555', 3, '0002');
INSERT INTO estudiante(id_estudiante, rut, nombre, apellido_pat, apellido_mat, direccion, codigo_comuna, codigo_curso) VALUES (557, '18000556-6', 'nombre_estudiante556', 'apellido_paterno556', 'apellido_materno556', 'direccion556', 37, '0002');
INSERT INTO estudiante(id_estudiante, rut, nombre, apellido_pat, apellido_mat, direccion, codigo_comuna, codigo_curso) VALUES (558, '18000557-7', 'nombre_estudiante557', 'apellido_paterno557', 'apellido_materno557', 'direccion557', 119, '0002');
INSERT INTO estudiante(id_estudiante, rut, nombre, apellido_pat, apellido_mat, direccion, codigo_comuna, codigo_curso) VALUES (559, '18000558-8', 'nombre_estudiante558', 'apellido_paterno558', 'apellido_materno558', 'direccion558', 188, '0002');
INSERT INTO estudiante(id_estudiante, rut, nombre, apellido_pat, apellido_mat, direccion, codigo_comuna, codigo_curso) VALUES (560, '18000559-9', 'nombre_estudiante559', 'apellido_paterno559', 'apellido_materno559', 'direccion559', 200, '0002');
INSERT INTO estudiante(id_estudiante, rut, nombre, apellido_pat, apellido_mat, direccion, codigo_comuna, codigo_curso) VALUES (561, '18000560-0', 'nombre_estudiante560', 'apellido_paterno560', 'apellido_materno560', 'direccion560', 252, '0002');
INSERT INTO estudiante(id_estudiante, rut, nombre, apellido_pat, apellido_mat, direccion, codigo_comuna, codigo_curso) VALUES (562, '18000561-1', 'nombre_estudiante561', 'apellido_paterno561', 'apellido_materno561', 'direccion561', 199, '0002');
INSERT INTO estudiante(id_estudiante, rut, nombre, apellido_pat, apellido_mat, direccion, codigo_comuna, codigo_curso) VALUES (563, '18000562-2', 'nombre_estudiante562', 'apellido_paterno562', 'apellido_materno562', 'direccion562', 229, '0002');
INSERT INTO estudiante(id_estudiante, rut, nombre, apellido_pat, apellido_mat, direccion, codigo_comuna, codigo_curso) VALUES (564, '18000563-3', 'nombre_estudiante563', 'apellido_paterno563', 'apellido_materno563', 'direccion563', 153, '0002');
INSERT INTO estudiante(id_estudiante, rut, nombre, apellido_pat, apellido_mat, direccion, codigo_comuna, codigo_curso) VALUES (565, '18000564-4', 'nombre_estudiante564', 'apellido_paterno564', 'apellido_materno564', 'direccion564', 191, '0002');
INSERT INTO estudiante(id_estudiante, rut, nombre, apellido_pat, apellido_mat, direccion, codigo_comuna, codigo_curso) VALUES (566, '18000565-5', 'nombre_estudiante565', 'apellido_paterno565', 'apellido_materno565', 'direccion565', 272, '0002');
INSERT INTO estudiante(id_estudiante, rut, nombre, apellido_pat, apellido_mat, direccion, codigo_comuna, codigo_curso) VALUES (567, '18000566-6', 'nombre_estudiante566', 'apellido_paterno566', 'apellido_materno566', 'direccion566', 150, '0002');
INSERT INTO estudiante(id_estudiante, rut, nombre, apellido_pat, apellido_mat, direccion, codigo_comuna, codigo_curso) VALUES (568, '18000567-7', 'nombre_estudiante567', 'apellido_paterno567', 'apellido_materno567', 'direccion567', 106, '0002');
INSERT INTO estudiante(id_estudiante, rut, nombre, apellido_pat, apellido_mat, direccion, codigo_comuna, codigo_curso) VALUES (569, '18000568-8', 'nombre_estudiante568', 'apellido_paterno568', 'apellido_materno568', 'direccion568', 94, '0002');
INSERT INTO estudiante(id_estudiante, rut, nombre, apellido_pat, apellido_mat, direccion, codigo_comuna, codigo_curso) VALUES (570, '18000569-9', 'nombre_estudiante569', 'apellido_paterno569', 'apellido_materno569', 'direccion569', 73, '0002');
INSERT INTO estudiante(id_estudiante, rut, nombre, apellido_pat, apellido_mat, direccion, codigo_comuna, codigo_curso) VALUES (571, '18000570-0', 'nombre_estudiante570', 'apellido_paterno570', 'apellido_materno570', 'direccion570', 344, '0028');
INSERT INTO estudiante(id_estudiante, rut, nombre, apellido_pat, apellido_mat, direccion, codigo_comuna, codigo_curso) VALUES (572, '18000571-1', 'nombre_estudiante571', 'apellido_paterno571', 'apellido_materno571', 'direccion571', 62, '0028');
INSERT INTO estudiante(id_estudiante, rut, nombre, apellido_pat, apellido_mat, direccion, codigo_comuna, codigo_curso) VALUES (573, '18000572-2', 'nombre_estudiante572', 'apellido_paterno572', 'apellido_materno572', 'direccion572', 345, '0028');
INSERT INTO estudiante(id_estudiante, rut, nombre, apellido_pat, apellido_mat, direccion, codigo_comuna, codigo_curso) VALUES (574, '18000573-3', 'nombre_estudiante573', 'apellido_paterno573', 'apellido_materno573', 'direccion573', 237, '0028');
INSERT INTO estudiante(id_estudiante, rut, nombre, apellido_pat, apellido_mat, direccion, codigo_comuna, codigo_curso) VALUES (575, '18000574-4', 'nombre_estudiante574', 'apellido_paterno574', 'apellido_materno574', 'direccion574', 233, '0028');
INSERT INTO estudiante(id_estudiante, rut, nombre, apellido_pat, apellido_mat, direccion, codigo_comuna, codigo_curso) VALUES (576, '18000575-5', 'nombre_estudiante575', 'apellido_paterno575', 'apellido_materno575', 'direccion575', 156, '0028');
INSERT INTO estudiante(id_estudiante, rut, nombre, apellido_pat, apellido_mat, direccion, codigo_comuna, codigo_curso) VALUES (577, '18000576-6', 'nombre_estudiante576', 'apellido_paterno576', 'apellido_materno576', 'direccion576', 325, '0028');
INSERT INTO estudiante(id_estudiante, rut, nombre, apellido_pat, apellido_mat, direccion, codigo_comuna, codigo_curso) VALUES (578, '18000577-7', 'nombre_estudiante577', 'apellido_paterno577', 'apellido_materno577', 'direccion577', 316, '0028');
INSERT INTO estudiante(id_estudiante, rut, nombre, apellido_pat, apellido_mat, direccion, codigo_comuna, codigo_curso) VALUES (579, '18000578-8', 'nombre_estudiante578', 'apellido_paterno578', 'apellido_materno578', 'direccion578', 146, '0028');
INSERT INTO estudiante(id_estudiante, rut, nombre, apellido_pat, apellido_mat, direccion, codigo_comuna, codigo_curso) VALUES (580, '18000579-9', 'nombre_estudiante579', 'apellido_paterno579', 'apellido_materno579', 'direccion579', 68, '0028');
INSERT INTO estudiante(id_estudiante, rut, nombre, apellido_pat, apellido_mat, direccion, codigo_comuna, codigo_curso) VALUES (581, '18000580-0', 'nombre_estudiante580', 'apellido_paterno580', 'apellido_materno580', 'direccion580', 164, '0028');
INSERT INTO estudiante(id_estudiante, rut, nombre, apellido_pat, apellido_mat, direccion, codigo_comuna, codigo_curso) VALUES (582, '18000581-1', 'nombre_estudiante581', 'apellido_paterno581', 'apellido_materno581', 'direccion581', 329, '0028');
INSERT INTO estudiante(id_estudiante, rut, nombre, apellido_pat, apellido_mat, direccion, codigo_comuna, codigo_curso) VALUES (583, '18000582-2', 'nombre_estudiante582', 'apellido_paterno582', 'apellido_materno582', 'direccion582', 219, '0028');
INSERT INTO estudiante(id_estudiante, rut, nombre, apellido_pat, apellido_mat, direccion, codigo_comuna, codigo_curso) VALUES (584, '18000583-3', 'nombre_estudiante583', 'apellido_paterno583', 'apellido_materno583', 'direccion583', 276, '0028');
INSERT INTO estudiante(id_estudiante, rut, nombre, apellido_pat, apellido_mat, direccion, codigo_comuna, codigo_curso) VALUES (585, '18000584-4', 'nombre_estudiante584', 'apellido_paterno584', 'apellido_materno584', 'direccion584', 64, '0028');
INSERT INTO estudiante(id_estudiante, rut, nombre, apellido_pat, apellido_mat, direccion, codigo_comuna, codigo_curso) VALUES (586, '18000585-5', 'nombre_estudiante585', 'apellido_paterno585', 'apellido_materno585', 'direccion585', 126, '0028');
INSERT INTO estudiante(id_estudiante, rut, nombre, apellido_pat, apellido_mat, direccion, codigo_comuna, codigo_curso) VALUES (587, '18000586-6', 'nombre_estudiante586', 'apellido_paterno586', 'apellido_materno586', 'direccion586', 183, '0028');
INSERT INTO estudiante(id_estudiante, rut, nombre, apellido_pat, apellido_mat, direccion, codigo_comuna, codigo_curso) VALUES (588, '18000587-7', 'nombre_estudiante587', 'apellido_paterno587', 'apellido_materno587', 'direccion587', 57, '0028');
INSERT INTO estudiante(id_estudiante, rut, nombre, apellido_pat, apellido_mat, direccion, codigo_comuna, codigo_curso) VALUES (589, '18000588-8', 'nombre_estudiante588', 'apellido_paterno588', 'apellido_materno588', 'direccion588', 334, '0028');
INSERT INTO estudiante(id_estudiante, rut, nombre, apellido_pat, apellido_mat, direccion, codigo_comuna, codigo_curso) VALUES (590, '18000589-9', 'nombre_estudiante589', 'apellido_paterno589', 'apellido_materno589', 'direccion589', 279, '0028');
INSERT INTO estudiante(id_estudiante, rut, nombre, apellido_pat, apellido_mat, direccion, codigo_comuna, codigo_curso) VALUES (591, '18000590-0', 'nombre_estudiante590', 'apellido_paterno590', 'apellido_materno590', 'direccion590', 201, '0028');
INSERT INTO estudiante(id_estudiante, rut, nombre, apellido_pat, apellido_mat, direccion, codigo_comuna, codigo_curso) VALUES (592, '18000591-1', 'nombre_estudiante591', 'apellido_paterno591', 'apellido_materno591', 'direccion591', 309, '0028');
INSERT INTO estudiante(id_estudiante, rut, nombre, apellido_pat, apellido_mat, direccion, codigo_comuna, codigo_curso) VALUES (593, '18000592-2', 'nombre_estudiante592', 'apellido_paterno592', 'apellido_materno592', 'direccion592', 208, '0028');
INSERT INTO estudiante(id_estudiante, rut, nombre, apellido_pat, apellido_mat, direccion, codigo_comuna, codigo_curso) VALUES (594, '18000593-3', 'nombre_estudiante593', 'apellido_paterno593', 'apellido_materno593', 'direccion593', 67, '0028');
INSERT INTO estudiante(id_estudiante, rut, nombre, apellido_pat, apellido_mat, direccion, codigo_comuna, codigo_curso) VALUES (595, '18000594-4', 'nombre_estudiante594', 'apellido_paterno594', 'apellido_materno594', 'direccion594', 179, '0028');
INSERT INTO estudiante(id_estudiante, rut, nombre, apellido_pat, apellido_mat, direccion, codigo_comuna, codigo_curso) VALUES (596, '18000595-5', 'nombre_estudiante595', 'apellido_paterno595', 'apellido_materno595', 'direccion595', 61, '0028');
INSERT INTO estudiante(id_estudiante, rut, nombre, apellido_pat, apellido_mat, direccion, codigo_comuna, codigo_curso) VALUES (597, '18000596-6', 'nombre_estudiante596', 'apellido_paterno596', 'apellido_materno596', 'direccion596', 224, '0028');
INSERT INTO estudiante(id_estudiante, rut, nombre, apellido_pat, apellido_mat, direccion, codigo_comuna, codigo_curso) VALUES (598, '18000597-7', 'nombre_estudiante597', 'apellido_paterno597', 'apellido_materno597', 'direccion597', 12, '0028');
INSERT INTO estudiante(id_estudiante, rut, nombre, apellido_pat, apellido_mat, direccion, codigo_comuna, codigo_curso) VALUES (599, '18000598-8', 'nombre_estudiante598', 'apellido_paterno598', 'apellido_materno598', 'direccion598', 122, '0028');
INSERT INTO estudiante(id_estudiante, rut, nombre, apellido_pat, apellido_mat, direccion, codigo_comuna, codigo_curso) VALUES (600, '18000599-9', 'nombre_estudiante599', 'apellido_paterno599', 'apellido_materno599', 'direccion599', 158, '0028');
INSERT INTO estudiante(id_estudiante, rut, nombre, apellido_pat, apellido_mat, direccion, codigo_comuna, codigo_curso) VALUES (601, '18000600-0', 'nombre_estudiante600', 'apellido_paterno600', 'apellido_materno600', 'direccion600', 51, '0047');
INSERT INTO estudiante(id_estudiante, rut, nombre, apellido_pat, apellido_mat, direccion, codigo_comuna, codigo_curso) VALUES (602, '18000601-1', 'nombre_estudiante601', 'apellido_paterno601', 'apellido_materno601', 'direccion601', 80, '0047');
INSERT INTO estudiante(id_estudiante, rut, nombre, apellido_pat, apellido_mat, direccion, codigo_comuna, codigo_curso) VALUES (603, '18000602-2', 'nombre_estudiante602', 'apellido_paterno602', 'apellido_materno602', 'direccion602', 217, '0047');
INSERT INTO estudiante(id_estudiante, rut, nombre, apellido_pat, apellido_mat, direccion, codigo_comuna, codigo_curso) VALUES (604, '18000603-3', 'nombre_estudiante603', 'apellido_paterno603', 'apellido_materno603', 'direccion603', 299, '0047');
INSERT INTO estudiante(id_estudiante, rut, nombre, apellido_pat, apellido_mat, direccion, codigo_comuna, codigo_curso) VALUES (605, '18000604-4', 'nombre_estudiante604', 'apellido_paterno604', 'apellido_materno604', 'direccion604', 342, '0047');
INSERT INTO estudiante(id_estudiante, rut, nombre, apellido_pat, apellido_mat, direccion, codigo_comuna, codigo_curso) VALUES (606, '18000605-5', 'nombre_estudiante605', 'apellido_paterno605', 'apellido_materno605', 'direccion605', 310, '0047');
INSERT INTO estudiante(id_estudiante, rut, nombre, apellido_pat, apellido_mat, direccion, codigo_comuna, codigo_curso) VALUES (607, '18000606-6', 'nombre_estudiante606', 'apellido_paterno606', 'apellido_materno606', 'direccion606', 10, '0047');
INSERT INTO estudiante(id_estudiante, rut, nombre, apellido_pat, apellido_mat, direccion, codigo_comuna, codigo_curso) VALUES (608, '18000607-7', 'nombre_estudiante607', 'apellido_paterno607', 'apellido_materno607', 'direccion607', 276, '0047');
INSERT INTO estudiante(id_estudiante, rut, nombre, apellido_pat, apellido_mat, direccion, codigo_comuna, codigo_curso) VALUES (609, '18000608-8', 'nombre_estudiante608', 'apellido_paterno608', 'apellido_materno608', 'direccion608', 189, '0047');
INSERT INTO estudiante(id_estudiante, rut, nombre, apellido_pat, apellido_mat, direccion, codigo_comuna, codigo_curso) VALUES (610, '18000609-9', 'nombre_estudiante609', 'apellido_paterno609', 'apellido_materno609', 'direccion609', 238, '0047');
INSERT INTO estudiante(id_estudiante, rut, nombre, apellido_pat, apellido_mat, direccion, codigo_comuna, codigo_curso) VALUES (611, '18000610-0', 'nombre_estudiante610', 'apellido_paterno610', 'apellido_materno610', 'direccion610', 336, '0047');
INSERT INTO estudiante(id_estudiante, rut, nombre, apellido_pat, apellido_mat, direccion, codigo_comuna, codigo_curso) VALUES (612, '18000611-1', 'nombre_estudiante611', 'apellido_paterno611', 'apellido_materno611', 'direccion611', 322, '0047');
INSERT INTO estudiante(id_estudiante, rut, nombre, apellido_pat, apellido_mat, direccion, codigo_comuna, codigo_curso) VALUES (613, '18000612-2', 'nombre_estudiante612', 'apellido_paterno612', 'apellido_materno612', 'direccion612', 76, '0047');
INSERT INTO estudiante(id_estudiante, rut, nombre, apellido_pat, apellido_mat, direccion, codigo_comuna, codigo_curso) VALUES (614, '18000613-3', 'nombre_estudiante613', 'apellido_paterno613', 'apellido_materno613', 'direccion613', 95, '0047');
INSERT INTO estudiante(id_estudiante, rut, nombre, apellido_pat, apellido_mat, direccion, codigo_comuna, codigo_curso) VALUES (615, '18000614-4', 'nombre_estudiante614', 'apellido_paterno614', 'apellido_materno614', 'direccion614', 58, '0047');
INSERT INTO estudiante(id_estudiante, rut, nombre, apellido_pat, apellido_mat, direccion, codigo_comuna, codigo_curso) VALUES (616, '18000615-5', 'nombre_estudiante615', 'apellido_paterno615', 'apellido_materno615', 'direccion615', 61, '0047');
INSERT INTO estudiante(id_estudiante, rut, nombre, apellido_pat, apellido_mat, direccion, codigo_comuna, codigo_curso) VALUES (617, '18000616-6', 'nombre_estudiante616', 'apellido_paterno616', 'apellido_materno616', 'direccion616', 205, '0047');
INSERT INTO estudiante(id_estudiante, rut, nombre, apellido_pat, apellido_mat, direccion, codigo_comuna, codigo_curso) VALUES (618, '18000617-7', 'nombre_estudiante617', 'apellido_paterno617', 'apellido_materno617', 'direccion617', 36, '0047');
INSERT INTO estudiante(id_estudiante, rut, nombre, apellido_pat, apellido_mat, direccion, codigo_comuna, codigo_curso) VALUES (619, '18000618-8', 'nombre_estudiante618', 'apellido_paterno618', 'apellido_materno618', 'direccion618', 152, '0047');
INSERT INTO estudiante(id_estudiante, rut, nombre, apellido_pat, apellido_mat, direccion, codigo_comuna, codigo_curso) VALUES (620, '18000619-9', 'nombre_estudiante619', 'apellido_paterno619', 'apellido_materno619', 'direccion619', 220, '0047');
INSERT INTO estudiante(id_estudiante, rut, nombre, apellido_pat, apellido_mat, direccion, codigo_comuna, codigo_curso) VALUES (621, '18000620-0', 'nombre_estudiante620', 'apellido_paterno620', 'apellido_materno620', 'direccion620', 46, '0047');
INSERT INTO estudiante(id_estudiante, rut, nombre, apellido_pat, apellido_mat, direccion, codigo_comuna, codigo_curso) VALUES (622, '18000621-1', 'nombre_estudiante621', 'apellido_paterno621', 'apellido_materno621', 'direccion621', 217, '0047');
INSERT INTO estudiante(id_estudiante, rut, nombre, apellido_pat, apellido_mat, direccion, codigo_comuna, codigo_curso) VALUES (623, '18000622-2', 'nombre_estudiante622', 'apellido_paterno622', 'apellido_materno622', 'direccion622', 276, '0047');
INSERT INTO estudiante(id_estudiante, rut, nombre, apellido_pat, apellido_mat, direccion, codigo_comuna, codigo_curso) VALUES (624, '18000623-3', 'nombre_estudiante623', 'apellido_paterno623', 'apellido_materno623', 'direccion623', 322, '0047');
INSERT INTO estudiante(id_estudiante, rut, nombre, apellido_pat, apellido_mat, direccion, codigo_comuna, codigo_curso) VALUES (625, '18000624-4', 'nombre_estudiante624', 'apellido_paterno624', 'apellido_materno624', 'direccion624', 176, '0047');
INSERT INTO estudiante(id_estudiante, rut, nombre, apellido_pat, apellido_mat, direccion, codigo_comuna, codigo_curso) VALUES (626, '18000625-5', 'nombre_estudiante625', 'apellido_paterno625', 'apellido_materno625', 'direccion625', 112, '0047');
INSERT INTO estudiante(id_estudiante, rut, nombre, apellido_pat, apellido_mat, direccion, codigo_comuna, codigo_curso) VALUES (627, '18000626-6', 'nombre_estudiante626', 'apellido_paterno626', 'apellido_materno626', 'direccion626', 301, '0047');
INSERT INTO estudiante(id_estudiante, rut, nombre, apellido_pat, apellido_mat, direccion, codigo_comuna, codigo_curso) VALUES (628, '18000627-7', 'nombre_estudiante627', 'apellido_paterno627', 'apellido_materno627', 'direccion627', 149, '0047');
INSERT INTO estudiante(id_estudiante, rut, nombre, apellido_pat, apellido_mat, direccion, codigo_comuna, codigo_curso) VALUES (629, '18000628-8', 'nombre_estudiante628', 'apellido_paterno628', 'apellido_materno628', 'direccion628', 325, '0047');
INSERT INTO estudiante(id_estudiante, rut, nombre, apellido_pat, apellido_mat, direccion, codigo_comuna, codigo_curso) VALUES (630, '18000629-9', 'nombre_estudiante629', 'apellido_paterno629', 'apellido_materno629', 'direccion629', 246, '0047');